T_eff,logg,R_p_Rj,a_AU,phase_deg,band,f_reflect,Fp_ref_band,Fp_th_band,decision
500,3.0,1.0,5.0,0.0,CGI-1,0.9890366055014946,4.280904085924042,0.047453491653578136,True
500,3.0,1.0,5.0,0.0,CGI-2,0.19188073169652295,6.111280040516981,25.73808798348312,True
500,3.0,1.0,5.0,0.0,CGI-3,0.061483481231983744,4.336265787478197,66.19106449034071,False
500,3.0,1.0,5.0,0.0,CGI-4,0.0028048170653075344,2.075899588960296,738.0435237548519,False
500,3.0,1.0,10.0,0.0,CGI-1,0.9575428456047366,1.0702260214810104,0.047453491653578136,True
500,3.0,1.0,10.0,0.0,CGI-2,0.05603407781201236,1.5278200101292452,25.73808798348312,False
500,3.0,1.0,10.0,0.0,CGI-3,0.01611392548431215,1.0840664468695493,66.19106449034071,False
500,3.0,1.0,10.0,0.0,CGI-4,0.0007026824380972839,0.518974897240074,738.0435237548519,False
500,3.0,1.0,20.0,0.0,CGI-1,0.8493587755883562,0.2675565053702526,0.047453491653578136,True
500,3.0,1.0,20.0,0.0,CGI-2,0.01462306178963061,0.3819550025323113,25.73808798348312,False
500,3.0,1.0,20.0,0.0,CGI-3,0.004077762947284461,0.27101661171738733,66.19106449034071,False
500,3.0,1.0,20.0,0.0,CGI-4,0.0001757632388302128,0.1297437243100185,738.0435237548519,False
500,3.0,1.2,5.0,0.0,CGI-1,0.9923609413162207,6.16450188373062,0.047453491653578136,True
500,3.0,1.2,5.0,0.0,CGI-2,0.2547964230445198,8.800243258344453,25.73808798348312,True
500,3.0,1.2,5.0,0.0,CGI-3,0.0862041550913191,6.244222733968604,66.19106449034071,False
500,3.0,1.2,5.0,0.0,CGI-4,0.0040339581875461755,2.9892954081028256,738.0435237548519,False
500,3.0,1.2,10.0,0.0,CGI-1,0.9701283393704755,1.541125470932655,0.047453491653578136,True
500,3.0,1.2,10.0,0.0,CGI-2,0.07874755161795675,2.2000608145861134,25.73808798348312,False
500,3.0,1.2,10.0,0.0,CGI-3,0.023040691265261096,1.561055683492151,66.19106449034071,False
500,3.0,1.2,10.0,0.0,CGI-4,0.0010115499595676764,0.7473238520257064,738.0435237548519,False
500,3.0,1.2,20.0,0.0,CGI-1,0.890340492280128,0.38528136773316374,0.047453491653578136,True
500,3.0,1.2,20.0,0.0,CGI-2,0.02092258995376317,0.5500152036465283,25.73808798348312,False
500,3.0,1.2,20.0,0.0,CGI-3,0.0058614619171117165,0.39026392087303774,66.19106449034071,False
500,3.0,1.2,20.0,0.0,CGI-4,0.00025307949180419553,0.1868309630064266,738.0435237548519,False
500,3.5,1.0,5.0,0.0,CGI-1,0.9537867533035196,2.5185551521388954,0.12203001369159094,True
500,3.5,1.0,5.0,0.0,CGI-2,0.0768219798819772,4.269565746938708,51.30783219956187,False
500,3.5,1.0,5.0,0.0,CGI-3,0.022406295992348783,3.4215410752271636,149.28290754919243,False
500,3.5,1.0,5.0,0.0,CGI-4,0.0008187741424910163,2.0426849072029807,2492.766080045207,False
500,3.5,1.0,10.0,0.0,CGI-1,0.8376545449121586,0.6296387880347238,0.12203001369159094,True
500,3.5,1.0,10.0,0.0,CGI-2,0.020379701748804834,1.067391436734677,51.30783219956187,False
500,3.5,1.0,10.0,0.0,CGI-3,0.005697315806326017,0.8553852688067909,149.28290754919243,False
500,3.5,1.0,10.0,0.0,CGI-4,0.00020481931118966772,0.5106712268007452,2492.766080045207,False
500,3.5,1.0,20.0,0.0,CGI-1,0.563304680691998,0.15740969700868096,0.12203001369159094,True
500,3.5,1.0,20.0,0.0,CGI-2,0.005174009007515302,0.26684785918366927,51.30783219956187,False
500,3.5,1.0,20.0,0.0,CGI-3,0.0014304412080600297,0.21384631720169772,149.28290754919243,False
500,3.5,1.0,20.0,0.0,CGI-4,5.1212694809073154e-05,0.1276678067001863,2492.766080045207,False
500,3.5,1.2,5.0,0.0,CGI-1,0.9674478073608218,3.6267194190800094,0.12203001369159094,True
500,3.5,1.2,5.0,0.0,CGI-2,0.10700664751992132,6.148174675591739,51.30783219956187,True
500,3.5,1.2,5.0,0.0,CGI-3,0.03195007775336921,4.9270191483271155,149.28290754919243,False
500,3.5,1.2,5.0,0.0,CGI-4,0.0011786101583574975,2.9414662663722924,2492.766080045207,False
500,3.5,1.2,10.0,0.0,CGI-1,0.881375675073397,0.9066798547700023,0.12203001369159094,True
500,3.5,1.2,10.0,0.0,CGI-2,0.029085954761704936,1.5370436688979348,51.30783219956187,False
500,3.5,1.2,10.0,0.0,CGI-3,0.008183619907606335,1.2317547870817789,149.28290754919243,False
500,3.5,1.2,10.0,0.0,CGI-4,0.0002949132303862498,0.7353665665930731,2492.766080045207,False
500,3.5,1.2,20.0,0.0,CGI-1,0.6500429549578794,0.2266699636925006,0.12203001369159094,True
500,3.5,1.2,20.0,0.0,CGI-2,0.007433649791590656,0.3842609172244837,51.30783219956187,False
500,3.5,1.2,20.0,0.0,CGI-3,0.0020585397067954306,0.3079386967704447,149.28290754919243,False
500,3.5,1.2,20.0,0.0,CGI-4,7.374461879437665e-05,0.18384164164826827,2492.766080045207,False
500,4.0,1.0,5.0,0.0,CGI-1,0.969381682283547,3.978975600252109,0.12567757503684512,True
500,4.0,1.0,5.0,0.0,CGI-2,0.089728474268633,6.548765614929018,66.43548680112166,False
500,4.0,1.0,5.0,0.0,CGI-3,0.03226426875879731,5.959734270213104,178.75650135152551,False
500,4.0,1.0,5.0,0.0,CGI-4,0.0013056519324466753,3.743938299642921,2863.741803192819,False
500,4.0,1.0,10.0,0.0,CGI-1,0.8878300908810745,0.9947439000630273,0.12567757503684512,True
500,4.0,1.0,10.0,0.0,CGI-2,0.024050638918677286,1.6371914037322546,66.43548680112166,False
500,4.0,1.0,10.0,0.0,CGI-3,0.008266091743907049,1.489933567553276,178.75650135152551,False
500,4.0,1.0,10.0,0.0,CGI-4,0.000326732932725424,0.9359845749107303,2863.741803192819,False
500,4.0,1.0,20.0,0.0,CGI-1,0.6642900329928325,0.24868597501575682,0.12567757503684512,True
500,4.0,1.0,20.0,0.0,CGI-2,0.006123108228466443,0.40929785093306364,66.43548680112166,False
500,4.0,1.0,20.0,0.0,CGI-3,0.0020794144086835973,0.372483391888319,178.75650135152551,False
500,4.0,1.0,20.0,0.0,CGI-4,8.170325453933265e-05,0.23399614372768257,2863.741803192819,False
500,4.0,1.2,5.0,0.0,CGI-1,0.9785364752743236,5.729724864363035,0.12567757503684512,True
500,4.0,1.2,5.0,0.0,CGI-2,0.12430151347917351,9.430222485497785,66.43548680112166,True
500,4.0,1.2,5.0,0.0,CGI-3,0.04581021248930106,8.58201734910687,178.75650135152551,False
500,4.0,1.2,5.0,0.0,CGI-4,0.0018790592878714402,5.391271151485806,2863.741803192819,False
500,4.0,1.2,10.0,0.0,CGI-1,0.9193396662976966,1.4324312160907589,0.12567757503684512,True
500,4.0,1.2,10.0,0.0,CGI-2,0.03427026249101463,2.357555621374446,66.43548680112166,False
500,4.0,1.2,10.0,0.0,CGI-3,0.011860036206384214,2.1455043372767175,178.75650135152551,False
500,4.0,1.2,10.0,0.0,CGI-4,0.00047042779325349944,1.3478177878714515,2863.741803192819,False
500,4.0,1.2,20.0,0.0,CGI-1,0.7402203942559017,0.3581078040226897,0.12567757503684512,True
500,4.0,1.2,20.0,0.0,CGI-2,0.008793584458475298,0.5893889053436115,66.43548680112166,False
500,4.0,1.2,20.0,0.0,CGI-3,0.0029916195890776955,0.5363760843191794,178.75650135152551,False
500,4.0,1.2,20.0,0.0,CGI-4,0.0001176484571414294,0.33695444696786286,2863.741803192819,False
600,3.0,1.0,5.0,0.0,CGI-1,0.9771181435337719,2.7576008765107036,0.0645766613433906,True
600,3.0,1.0,5.0,0.0,CGI-2,0.094140998514606,3.8633095175424446,37.17417232882921,False
600,3.0,1.0,5.0,0.0,CGI-3,0.02608468143668937,2.787560878568135,104.07825940502926,False
600,3.0,1.0,5.0,0.0,CGI-4,0.0006309536157046108,1.427848117589841,2261.5722869958395,False
600,3.0,1.0,10.0,0.0,CGI-1,0.9143519343682731,0.6894002191276759,0.0645766613433906,True
600,3.0,1.0,10.0,0.0,CGI-2,0.025323214126233607,0.9658273793856111,37.17417232882921,False
600,3.0,1.0,10.0,0.0,CGI-3,0.006651293003526648,0.6968902196420338,104.07825940502926,False
600,3.0,1.0,10.0,0.0,CGI-4,0.0001578130834778721,0.35696202939746025,2261.5722869958395,False
600,3.0,1.0,20.0,0.0,CGI-1,0.7274403562440115,0.17235005478191898,0.0645766613433906,True
600,3.0,1.0,20.0,0.0,CGI-2,0.006453368556910003,0.24145684484640278,37.17417232882921,False
600,3.0,1.0,20.0,0.0,CGI-3,0.0016711597809005209,0.17422255491050845,104.07825940502926,False
600,3.0,1.0,20.0,0.0,CGI-4,3.9457941103983e-05,0.08924050734936506,2261.5722869958395,False
600,3.0,1.2,5.0,0.0,CGI-1,0.983997940646279,3.9709452621754124,0.0645766613433906,True
600,3.0,1.2,5.0,0.0,CGI-2,0.13017108601437796,5.563165705261119,37.17417232882921,True
600,3.0,1.2,5.0,0.0,CGI-3,0.037135724905042515,4.014087665138114,104.07825940502926,False
600,3.0,1.2,5.0,0.0,CGI-4,0.0009083210388994053,2.056101289329371,2261.5722869958395,False
600,3.0,1.2,10.0,0.0,CGI-1,0.9389237976313257,0.9927363155438531,0.0645766613433906,True
600,3.0,1.2,10.0,0.0,CGI-2,0.0360635999853559,1.3907914263152799,37.17417232882921,False
600,3.0,1.2,10.0,0.0,CGI-3,0.009549913445186181,1.0035219162845286,104.07825940502926,False
600,3.0,1.2,10.0,0.0,CGI-4,0.00022723506151521377,0.5140253223323428,2261.5722869958395,False
600,3.0,1.2,20.0,0.0,CGI-1,0.7935269583515016,0.24818407888596328,0.0645766613433906,True
600,3.0,1.2,20.0,0.0,CGI-2,0.009266538551003171,0.34769785657881996,37.17417232882921,False
600,3.0,1.2,20.0,0.0,CGI-3,0.0024047018824255254,0.25088047907113215,104.07825940502926,False
600,3.0,1.2,20.0,0.0,CGI-4,5.681844873657382e-05,0.1285063305830857,2261.5722869958395,False
600,3.5,1.0,5.0,0.0,CGI-1,0.9138939188632857,1.5086864563534934,0.14214678064847608,True
600,3.5,1.0,5.0,0.0,CGI-2,0.021297452379850087,2.6089625121183095,119.89219234838966,False
600,3.5,1.0,5.0,0.0,CGI-3,0.006255707811184343,2.149103212892049,341.39367048407456,False
600,3.5,1.0,5.0,0.0,CGI-4,0.00013457093127324754,1.3401019984999096,9956.99180386325,False
600,3.5,1.0,10.0,0.0,CGI-1,0.7262820225720965,0.37717161408837335,0.14214678064847608,True
600,3.5,1.0,10.0,0.0,CGI-2,0.005410790128791497,0.6522406280295774,119.89219234838966,False
600,3.5,1.0,10.0,0.0,CGI-3,0.0015712991440429082,0.5372758032230123,341.39367048407456,False
600,3.5,1.0,10.0,0.0,CGI-4,3.3646128661462665e-05,0.3350254996249774,9956.99180386325,False
600,3.5,1.0,20.0,0.0,CGI-1,0.39880320367062283,0.09429290352209334,0.14214678064847608,True
600,3.5,1.0,20.0,0.0,CGI-2,0.0013582092711858986,0.16306015700739435,119.89219234838966,False
600,3.5,1.0,20.0,0.0,CGI-3,0.00039328826614769697,0.13431895080575307,341.39367048407456,False
600,3.5,1.0,20.0,0.0,CGI-4,8.411744432342245e-06,0.08375637490624435,9956.99180386325,False
600,3.5,1.2,5.0,0.0,CGI-1,0.9385883582700337,2.172508497149031,0.14214678064847608,True
600,3.5,1.2,5.0,0.0,CGI-2,0.030383610289941822,3.7569060174503655,119.89219234838966,False
600,3.5,1.2,5.0,0.0,CGI-3,0.008983492083402399,3.094708626564551,341.39367048407456,False
600,3.5,1.2,5.0,0.0,CGI-4,0.00019377066763782955,1.9297468778398699,9956.99180386325,False
600,3.5,1.2,10.0,0.0,CGI-1,0.7925693950628299,0.5431271242872577,0.14214678064847608,True
600,3.5,1.2,10.0,0.0,CGI-2,0.007773032157365899,0.9392265043625914,119.89219234838966,False
600,3.5,1.2,10.0,0.0,CGI-3,0.0022611075018575946,0.7736771566411378,341.39367048407456,False
600,3.5,1.2,10.0,0.0,CGI-4,4.844970800865817e-05,0.48243671945996747,9956.99180386325,False
600,3.5,1.2,20.0,0.0,CGI-1,0.48854921650141986,0.13578178107181443,0.14214678064847608,True
600,3.5,1.2,20.0,0.0,CGI-2,0.0019546532261288736,0.23480662609064784,119.89219234838966,False
600,3.5,1.2,20.0,0.0,CGI-3,0.0005662371177104126,0.19341928916028445,341.39367048407456,False
600,3.5,1.2,20.0,0.0,CGI-4,1.2112867150821994e-05,0.12060917986499187,9956.99180386325,False
600,4.0,1.0,5.0,0.0,CGI-1,0.8378345395786981,1.5075515518415985,0.2917912546744289,True
600,4.0,1.0,5.0,0.0,CGI-2,0.027221985537240846,3.0258673762429273,108.12941084927118,False
600,4.0,1.0,5.0,0.0,CGI-3,0.007511116936224923,2.6132196428208383,345.30036831074904,False
600,4.0,1.0,5.0,0.0,CGI-4,0.00017756629032902434,1.7613427892421571,9917.592077155772,False
600,4.0,1.0,10.0,0.0,CGI-1,0.5636303930093142,0.3768878879603996,0.2917912546744289,True
600,4.0,1.0,10.0,0.0,CGI-2,0.006947336606784383,0.7564668440607318,108.12941084927118,False
600,4.0,1.0,10.0,0.0,CGI-3,0.0018884173265794797,0.6533049107052096,345.30036831074904,False
600,4.0,1.0,10.0,0.0,CGI-4,4.4397485204816906e-05,0.4403356973105393,9917.592077155772,False
600,4.0,1.0,20.0,0.0,CGI-1,0.2440900090503507,0.0942219719900999,0.2917912546744289,True
600,4.0,1.0,20.0,0.0,CGI-2,0.0017459313311836435,0.18911671101518296,108.12941084927118,False
600,4.0,1.0,20.0,0.0,CGI-3,0.00047277392750205737,0.1633262276763024,345.30036831074904,False
600,4.0,1.0,20.0,0.0,CGI-4,1.109974090164107e-05,0.11008392432763482,9917.592077155772,False
600,4.0,1.2,5.0,0.0,CGI-1,0.8815140521767537,2.170874234651902,0.2917912546744289,True
600,4.0,1.2,5.0,0.0,CGI-2,0.038735695653016614,4.357249021789816,108.12941084927118,False
600,4.0,1.2,5.0,0.0,CGI-3,0.010780380401127552,3.7630362856620065,345.30036831074904,False
600,4.0,1.2,5.0,0.0,CGI-4,0.00025567548236114546,2.5363336165087063,9917.592077155772,False
600,4.0,1.2,10.0,0.0,CGI-1,0.650344130157696,0.5427185586629755,0.2917912546744289,True
600,4.0,1.2,10.0,0.0,CGI-2,0.00997367689789803,1.089312255447454,108.12941084927118,False
600,4.0,1.2,10.0,0.0,CGI-3,0.0027170633325056624,0.9407590714155016,345.30036831074904,False
600,4.0,1.2,10.0,0.0,CGI-4,6.393112980712486e-05,0.6340834041271766,9917.592077155772,False
600,4.0,1.2,20.0,0.0,CGI-1,0.31740088380794584,0.13567963966574387,0.2917912546744289,True
600,4.0,1.2,20.0,0.0,CGI-2,0.0025122112116678463,0.2723280638618635,108.12941084927118,False
600,4.0,1.2,20.0,0.0,CGI-3,0.0006806528658343583,0.2351897678538754,345.30036831074904,False
600,4.0,1.2,20.0,0.0,CGI-4,1.59835488365328e-05,0.15852085103179414,9917.592077155772,False
700,3.0,1.0,5.0,0.0,CGI-1,0.934599463505653,1.9791418363144404,0.13849455616832645,True
700,3.0,1.0,5.0,0.0,CGI-2,0.03728556054992079,2.973156860824171,76.7670111016094,False
700,3.0,1.0,5.0,0.0,CGI-3,0.0099053972858611,2.186852421622153,218.5869700219917,False
700,3.0,1.0,5.0,0.0,CGI-4,0.0002402109463424374,1.1801377406583227,4911.742269117331,False
700,3.0,1.0,10.0,0.0,CGI-1,0.7813059739232053,0.4947854590786101,0.13849455616832645,True
700,3.0,1.0,10.0,0.0,CGI-2,0.009589554061433433,0.7432892152060427,76.7670111016094,False
700,3.0,1.0,10.0,0.0,CGI-3,0.0024948839338756377,0.5467131054055383,218.5869700219917,False
700,3.0,1.0,10.0,0.0,CGI-4,6.0063557528605325e-05,0.29503443516458067,4911.742269117331,False
700,3.0,1.0,20.0,0.0,CGI-1,0.47177974098848674,0.12369636476965253,0.13849455616832645,True
700,3.0,1.0,20.0,0.0,CGI-2,0.0024147558391065644,0.18582230380151069,76.7670111016094,False
700,3.0,1.0,20.0,0.0,CGI-3,0.0006248902549620647,0.13667827635138458,218.5869700219917,False
700,3.0,1.0,20.0,0.0,CGI-4,1.5016565843426146e-05,0.07375860879114517,4911.742269117331,False
700,3.0,1.2,5.0,0.0,CGI-1,0.9536568628127124,2.8499642442927944,0.13849455616832645,True
700,3.0,1.2,5.0,0.0,CGI-2,0.05282458570480471,4.281345879586806,76.7670111016094,False
700,3.0,1.2,5.0,0.0,CGI-3,0.01420187499745625,3.1490674871359006,218.5869700219917,False
700,3.0,1.2,5.0,0.0,CGI-4,0.00034586720705389906,1.6993983465479845,4911.742269117331,False
700,3.0,1.2,10.0,0.0,CGI-1,0.8372539401814364,0.7124910610731986,0.13849455616832645,True
700,3.0,1.2,10.0,0.0,CGI-2,0.013750937092421162,1.0703364698967015,76.7670111016094,False
700,3.0,1.2,10.0,0.0,CGI-3,0.0035886933804591724,0.7872668717839751,218.5869700219917,False
700,3.0,1.2,10.0,0.0,CGI-4,8.64892371066335e-05,0.4248495866369961,4911.742269117331,False
700,3.0,1.2,20.0,0.0,CGI-1,0.5625806082247227,0.17812276526829965,0.13849455616832645,True
700,3.0,1.2,20.0,0.0,CGI-2,0.003473557778984571,0.2675841174741754,76.7670111016094,False
700,3.0,1.2,20.0,0.0,CGI-3,0.0008995946220637657,0.19681671794599379,218.5869700219917,False
700,3.0,1.2,20.0,0.0,CGI-4,2.1623711940420228e-05,0.10621239665924903,4911.742269117331,False
700,3.5,1.0,5.0,0.0,CGI-1,0.7630477523137739,1.1782947674294175,0.36590055174490516,True
700,3.5,1.0,5.0,0.0,CGI-2,0.007910767497014554,2.060848649112466,258.45099800675376,False
700,3.5,1.0,5.0,0.0,CGI-3,0.0023337290716345287,1.7078931164435347,730.1221797065931,False
700,3.5,1.0,5.0,0.0,CGI-4,5.0174587585279794e-05,1.081059344764853,21544.87271511165,False
700,3.5,1.0,10.0,0.0,CGI-1,0.44600329946363204,0.2945736918573544,0.36590055174490516,True
700,3.5,1.0,10.0,0.0,CGI-2,0.0019894957027089687,0.5152121622781165,258.45099800675376,False
700,3.5,1.0,10.0,0.0,CGI-3,0.0005844552380437009,0.4269732791108837,730.1221797065931,False
700,3.5,1.0,10.0,0.0,CGI-4,1.2544118943315899e-05,0.2702648361912133,21544.87271511165,False
700,3.5,1.0,20.0,0.0,CGI-1,0.16754506306918066,0.0736434229643386,0.36590055174490516,True
700,3.5,1.0,20.0,0.0,CGI-2,0.0004981171771648033,0.12880304056952913,258.45099800675376,False
700,3.5,1.0,20.0,0.0,CGI-3,0.00014617788533400242,0.10674331977772092,730.1221797065931,False
700,3.5,1.0,20.0,0.0,CGI-4,3.1360592401540663e-06,0.06756620904780332,21544.87271511165,False
700,3.5,1.2,5.0,0.0,CGI-1,0.8226061446555208,1.6967444650983607,0.36590055174490516,True
700,3.5,1.2,5.0,0.0,CGI-2,0.011351991889575723,2.96762205472195,258.45099800675376,False
700,3.5,1.2,5.0,0.0,CGI-3,0.0033571226326923405,2.4593660876786902,730.1221797065931,False
700,3.5,1.2,5.0,0.0,CGI-4,7.224981107683439e-05,1.5567254564613886,21544.87271511165,False
700,3.5,1.2,10.0,0.0,CGI-1,0.5368855512242657,0.4241861162745902,0.36590055174490516,True
700,3.5,1.2,10.0,0.0,CGI-2,0.0028623681574754117,0.7419055136804875,258.45099800675376,False
700,3.5,1.2,10.0,0.0,CGI-3,0.0008413991683163979,0.6148415219196726,730.1221797065931,False
700,3.5,1.2,10.0,0.0,CGI-4,1.8063431578847824e-05,0.38918136411534715,21544.87271511165,False
700,3.5,1.2,20.0,0.0,CGI-1,0.22470004239848718,0.10604652906864755,0.36590055174490516,True
700,3.5,1.2,20.0,0.0,CGI-2,0.000717131560275994,0.18547637842012188,258.45099800675376,False
700,3.5,1.2,20.0,0.0,CGI-3,0.00021048261700326817,0.15371038047991814,730.1221797065931,False
700,3.5,1.2,20.0,0.0,CGI-4,4.51591907445837e-06,0.09729534102883679,21544.87271511165,False
700,4.0,1.0,5.0,0.0,CGI-1,0.8613119928243961,1.9206868594435091,0.3092679948308791,True
700,4.0,1.0,5.0,0.0,CGI-2,0.010385814061806315,3.2409558069738855,308.81506480795844,False
700,4.0,1.0,5.0,0.0,CGI-3,0.0034308029769696676,2.9371813120356016,853.1834795805732,False
700,4.0,1.0,5.0,0.0,CGI-4,8.206252361437942e-05,1.8776897155372998,22879.33084294871,False
700,4.0,1.0,10.0,0.0,CGI-1,0.6082436808864917,0.4801717148608773,0.3092679948308791,True
700,4.0,1.0,10.0,0.0,CGI-2,0.002616837002353956,0.8102389517434714,308.81506480795844,False
700,4.0,1.0,10.0,0.0,CGI-3,0.000859913389304388,0.7342953280089004,853.1834795805732,False
700,4.0,1.0,10.0,0.0,CGI-4,2.0516893654647378e-05,0.46942242888432495,22879.33084294871,False
700,4.0,1.0,20.0,0.0,CGI-1,0.2796176899568906,0.12004292871521932,0.3092679948308791,True
700,4.0,1.0,20.0,0.0,CGI-2,0.0006554957447282568,0.20255973793586785,308.81506480795844,False
700,4.0,1.0,20.0,0.0,CGI-3,0.000215117083871614,0.1835738320022251,853.1834795805732,False
700,4.0,1.0,20.0,0.0,CGI-4,5.129302341674844e-06,0.11735560722108124,22879.33084294871,False
700,4.0,1.2,5.0,0.0,CGI-1,0.8994269089820393,2.765789077598653,0.3092679948308791,True
700,4.0,1.2,5.0,0.0,CGI-2,0.014887539792148734,4.666976362042395,308.81506480795844,False
700,4.0,1.2,5.0,0.0,CGI-3,0.004932909796525701,4.229541089331266,853.1834795805732,False
700,4.0,1.2,5.0,0.0,CGI-4,0.00011816576733303459,2.703873190373711,22879.33084294871,False
700,4.0,1.2,10.0,0.0,CGI-1,0.6909530553941559,0.6914472693996633,0.3092679948308791,True
700,4.0,1.2,10.0,0.0,CGI-2,0.003763911484537315,1.1667440905105988,308.81506480795844,False
700,4.0,1.2,10.0,0.0,CGI-3,0.0012378069416228296,1.0573852723328165,853.1834795805732,False
700,4.0,1.2,10.0,0.0,CGI-4,2.9544060155662468e-05,0.6759682975934278,22879.33084294871,False
700,4.0,1.2,20.0,0.0,CGI-1,0.3585379144426232,0.17286181734991582,0.3092679948308791,True
700,4.0,1.2,20.0,0.0,CGI-2,0.0009436417090337693,0.2916860226276497,308.81506480795844,False
700,4.0,1.2,20.0,0.0,CGI-3,0.00030973928348209794,0.26434631808320413,853.1834795805732,False
700,4.0,1.2,20.0,0.0,CGI-4,7.38617870219654e-06,0.16899207439835695,22879.33084294871,False
800,3.0,1.0,5.0,0.0,CGI-1,0.9240044715447919,1.6844731804354445,0.13854091993927248,True
800,3.0,1.0,5.0,0.0,CGI-2,0.014037352126427455,3.24696891673741,228.06224720134344,False
800,3.0,1.0,5.0,0.0,CGI-3,0.004686572455187521,2.685673745986861,570.371453113135,False
800,3.0,1.0,5.0,0.0,CGI-4,0.00014739721253052065,1.724450503411426,11697.618256227588,False
800,3.0,1.0,10.0,0.0,CGI-1,0.7524548578596043,0.4211182951088611,0.13854091993927248,True
800,3.0,1.0,10.0,0.0,CGI-2,0.003546677502341296,0.8117422291843525,228.06224720134344,False
800,3.0,1.0,10.0,0.0,CGI-3,0.0011757758829467491,0.6714184364967153,570.371453113135,False
800,3.0,1.0,10.0,0.0,CGI-4,3.6853377196433485e-05,0.4311126258528565,11697.618256227588,False
800,3.0,1.0,20.0,0.0,CGI-1,0.4317913239058297,0.10527957377721528,0.13854091993927248,True
800,3.0,1.0,20.0,0.0,CGI-2,0.0008890342138190467,0.20293555729608811,228.06224720134344,False
800,3.0,1.0,20.0,0.0,CGI-3,0.0002942034086911521,0.16785460912417882,570.371453113135,False
800,3.0,1.0,20.0,0.0,CGI-4,9.213598963286819e-06,0.10777815646321412,11697.618256227588,False
800,3.0,1.2,5.0,0.0,CGI-1,0.9459707213672371,2.4256413798270398,0.13854091993927248,True
800,3.0,1.2,5.0,0.0,CGI-2,0.02008970431050569,4.675635240101871,228.06224720134344,False
800,3.0,1.2,5.0,0.0,CGI-3,0.006734776607312574,3.86737019422108,570.371453113135,False
800,3.0,1.2,5.0,0.0,CGI-4,0.0002122382213821711,2.483208724912453,11697.618256227588,False
800,3.0,1.2,10.0,0.0,CGI-1,0.8140268679742324,0.6064103449567599,0.13854091993927248,True
800,3.0,1.2,10.0,0.0,CGI-2,0.005099258016949034,1.1689088100254676,228.06224720134344,False
800,3.0,1.2,10.0,0.0,CGI-3,0.0016922418047183938,0.96684254855527,570.371453113135,False
800,3.0,1.2,10.0,0.0,CGI-4,5.3068002639412134e-05,0.6208021812281133,11697.618256227588,False
800,3.0,1.2,20.0,0.0,CGI-1,0.5225089757685004,0.15160258623918998,0.13854091993927248,True
800,3.0,1.2,20.0,0.0,CGI-2,0.0012797086777881865,0.2922272025063669,228.06224720134344,False
800,3.0,1.2,20.0,0.0,CGI-3,0.000423598073956459,0.2417106371388175,570.371453113135,False
800,3.0,1.2,20.0,0.0,CGI-4,1.3267528720789916e-05,0.15520054530702831,11697.618256227588,False
800,3.5,1.0,5.0,0.0,CGI-1,0.7814445666495026,1.4436351258273028,0.4037577506975002,True
800,3.5,1.0,5.0,0.0,CGI-2,0.0033865824256690416,2.986277911492915,878.8106300444551,False
800,3.5,1.0,5.0,0.0,CGI-3,0.001215659216014801,2.653517208157228,2180.1269637032965,False
800,3.5,1.0,5.0,0.0,CGI-4,4.7761234717758134e-05,1.809512587341741,37884.828009137884,False
800,3.5,1.0,10.0,0.0,CGI-1,0.4719819245129283,0.3609087814568257,0.4037577506975002,True
800,3.5,1.0,10.0,0.0,CGI-2,0.000848801508621244,0.7465694778732288,878.8106300444551,False
800,3.5,1.0,10.0,0.0,CGI-3,0.000304192149496181,0.663379302039307,2180.1269637032965,False
800,3.5,1.0,10.0,0.0,CGI-4,1.1940736407675237e-05,0.45237814683543526,37884.828009137884,False
800,3.5,1.0,20.0,0.0,CGI-1,0.18265171050968748,0.09022719536420643,0.4037577506975002,True
800,3.5,1.0,20.0,0.0,CGI-2,0.00021233555020682307,0.1866423694683072,878.8106300444551,False
800,3.5,1.0,20.0,0.0,CGI-3,7.60653912451941e-05,0.16584482550982674,2180.1269637032965,False
800,3.5,1.0,20.0,0.0,CGI-4,2.9852108361305957e-06,0.11309453670885881,37884.828009137884,False
800,3.5,1.2,5.0,0.0,CGI-1,0.8373644575022466,2.078834581191316,0.4037577506975002,True
800,3.5,1.2,5.0,0.0,CGI-2,0.004869422784248733,4.300240192549798,878.8106300444551,False
800,3.5,1.2,5.0,0.0,CGI-3,0.0017496134202426496,3.821064779746408,2180.1269637032965,False
800,3.5,1.2,5.0,0.0,CGI-4,6.877473269646528e-05,2.605698125772107,37884.828009137884,False
800,3.5,1.2,10.0,0.0,CGI-1,0.5627802457691786,0.519708645297829,0.4037577506975002,True
800,3.5,1.2,10.0,0.0,CGI-2,0.0012218178568449251,1.0750600481374495,878.8106300444551,False
800,3.5,1.2,10.0,0.0,CGI-3,0.00043797807429808537,0.955266194936602,2180.1269637032965,False
800,3.5,1.2,10.0,0.0,CGI-4,1.7194570088087548e-05,0.6514245314430267,37884.828009137884,False
800,3.5,1.2,20.0,0.0,CGI-1,0.2434529408601899,0.12992716132445725,0.4037577506975002,True
800,3.5,1.2,20.0,0.0,CGI-2,0.0003057346282324039,0.26876501203436237,878.8106300444551,False
800,3.5,1.2,20.0,0.0,CGI-3,0.00010953049754181405,0.2388165487341505,2180.1269637032965,False
800,3.5,1.2,20.0,0.0,CGI-4,4.2986979577193784e-06,0.16285613286075667,37884.828009137884,False
800,4.0,1.0,5.0,0.0,CGI-1,0.734524809804409,1.824436093425172,0.6593957241971449,True
800,4.0,1.0,5.0,0.0,CGI-2,0.006081638999861728,3.7123738463051392,606.710876594825,False
800,4.0,1.0,5.0,0.0,CGI-3,0.0020311836387464405,3.341782564857499,1641.8972303487674,False
800,4.0,1.0,5.0,0.0,CGI-4,5.6530576353076995e-05,2.2771122956936662,40278.79629249937,False
800,4.0,1.0,10.0,0.0,CGI-1,0.40888129284671043,0.456109023356293,0.6593957241971449,True
800,4.0,1.0,10.0,0.0,CGI-2,0.0015273764641694045,0.9280934615762848,606.710876594825,False
800,4.0,1.0,10.0,0.0,CGI-3,0.0005085706599893978,0.8354456412143747,1641.8972303487674,False
800,4.0,1.0,10.0,0.0,CGI-4,1.4133243308561726e-05,0.5692780739234166,40278.79629249937,False
800,4.0,1.0,20.0,0.0,CGI-1,0.14743194704886264,0.11402725583907325,0.6593957241971449,True
800,4.0,1.0,20.0,0.0,CGI-2,0.0003822820324766609,0.2320233653940712,606.710876594825,False
800,4.0,1.0,20.0,0.0,CGI-3,0.00012719117927384056,0.20886141030359368,1641.8972303487674,False
800,4.0,1.0,20.0,0.0,CGI-4,3.533348280393637e-06,0.14231951848085414,40278.79629249937,False
800,4.0,1.2,5.0,0.0,CGI-1,0.7993674329815272,2.627187974532248,0.6593957241971449,True
800,4.0,1.2,5.0,0.0,CGI-2,0.00873418816088628,5.3458183386794,606.710876594825,False
800,4.0,1.2,5.0,0.0,CGI-3,0.002922292725998897,4.8121668933947985,1641.8972303487674,False
800,4.0,1.2,5.0,0.0,CGI-4,8.140200519943197e-05,3.279041705798879,40278.79629249937,False
800,4.0,1.2,10.0,0.0,CGI-1,0.4990127849330579,0.656796993633062,0.6593957241971449,True
800,4.0,1.2,10.0,0.0,CGI-2,0.0021979449890477854,1.33645458466985,606.710876594825,False
800,4.0,1.2,10.0,0.0,CGI-3,0.0007321779101354186,1.2030417233486996,1641.8972303487674,False
800,4.0,1.2,10.0,0.0,CGI-4,2.035174380442423e-05,0.8197604264497198,40278.79629249937,False
800,4.0,1.2,20.0,0.0,CGI-1,0.19936892995937994,0.1641992484082655,0.6593957241971449,True
800,4.0,1.2,20.0,0.0,CGI-2,0.0005503935483180939,0.3341136461674625,606.710876594825,False
800,4.0,1.2,20.0,0.0,CGI-3,0.000183145048603058,0.3007604308371749,1641.8972303487674,False
800,4.0,1.2,20.0,0.0,CGI-4,5.08801361356821e-06,0.20494010661242995,40278.79629249937,False
900,3.0,1.0,5.0,0.0,CGI-1,0.8248814884128693,1.1970781285793695,0.25413413087214637,True
900,3.0,1.0,5.0,0.0,CGI-2,0.005376166699216371,2.182902947975921,403.85044201770387,False
900,3.0,1.0,5.0,0.0,CGI-3,0.0018011206482705976,1.7805366391201916,986.7910178704733,False
900,3.0,1.0,5.0,0.0,CGI-4,5.031462694962779e-05,1.147862039284623,22812.53692258207,False
900,3.0,1.0,10.0,0.0,CGI-1,0.5407798179602132,0.29926953214484237,0.25413413087214637,True
900,3.0,1.0,10.0,0.0,CGI-2,0.0013494829588123383,0.5457257369939803,403.85044201770387,False
900,3.0,1.0,10.0,0.0,CGI-3,0.00045088924150987427,0.4451341597800479,986.7910178704733,False
900,3.0,1.0,10.0,0.0,CGI-4,1.2579131423135627e-05,0.28696550982115576,22812.53692258207,False
900,3.0,1.0,20.0,0.0,CGI-1,0.2274419781422683,0.07481738303621059,0.25413413087214637,True
900,3.0,1.0,20.0,0.0,CGI-2,0.0003377125426940917,0.13643143424849508,403.85044201770387,False
900,3.0,1.0,20.0,0.0,CGI-3,0.00011276044223017068,0.11128353994501197,986.7910178704733,False
900,3.0,1.0,20.0,0.0,CGI-4,3.144812525041447e-06,0.07174137745528894,22812.53692258207,False
900,3.0,1.2,5.0,0.0,CGI-1,0.8715148852119764,1.723792505154292,0.25413413087214637,True
900,3.0,1.2,5.0,0.0,CGI-2,0.0077234102169140475,3.143380245085326,403.85044201770387,False
900,3.0,1.2,5.0,0.0,CGI-3,0.002591559940177088,2.5639727603330758,986.7910178704733,False
900,3.0,1.2,5.0,0.0,CGI-4,7.245145884548956e-05,1.652921336569857,22812.53692258207,False
900,3.0,1.2,10.0,0.0,CGI-1,0.6290458142568318,0.430948126288573,0.25413413087214637,True
900,3.0,1.2,10.0,0.0,CGI-2,0.0019421022937519035,0.7858450612713315,403.85044201770387,False
900,3.0,1.2,10.0,0.0,CGI-3,0.0006491517217421449,0.6409931900832689,986.7910178704733,False
900,3.0,1.2,10.0,0.0,CGI-4,1.8113848992460997e-05,0.41323033414246424,22812.53692258207,False
900,3.0,1.2,20.0,0.0,CGI-1,0.2977220700440021,0.10773703157214325,0.25413413087214637,True
900,3.0,1.2,20.0,0.0,CGI-2,0.00048623381028666896,0.19646126531783287,403.85044201770387,False
900,3.0,1.2,20.0,0.0,CGI-3,0.00016236698103950812,0.16024829752081723,986.7910178704733,False
900,3.0,1.2,20.0,0.0,CGI-4,4.528523769862043e-06,0.10330758353561606,22812.53692258207,False
900,3.5,1.0,5.0,0.0,CGI-1,0.6155579171595549,1.0034698922681373,0.6267095990437003,True
900,3.5,1.0,5.0,0.0,CGI-2,0.0009897374894203283,1.902162836782885,1919.9840515542146,False
900,3.5,1.0,5.0,0.0,CGI-3,0.0003741007034414125,1.6885743462269112,4512.000736295117,False
900,3.5,1.0,5.0,0.0,CGI-4,1.6088977924483927e-05,1.1953162526468266,74292.91200723464,False
900,3.5,1.0,10.0,0.0,CGI-1,0.28586375036400147,0.25086747306703433,0.6267095990437003,True
900,3.5,1.0,10.0,0.0,CGI-2,0.0002476181801020139,0.4755407091957212,1919.9840515542146,False
900,3.5,1.0,10.0,0.0,CGI-3,9.35514241005261e-05,0.4221435865567278,4512.000736295117,False
900,3.5,1.0,10.0,0.0,CGI-4,4.022293017058649e-06,0.29882906316170665,74292.91200723464,False
900,3.5,1.0,20.0,0.0,CGI-1,0.09096962655266941,0.06271686826675858,0.6267095990437003,False
900,3.5,1.0,20.0,0.0,CGI-2,6.191604367904466e-05,0.1188851772989303,1919.9840515542146,False
900,3.5,1.0,20.0,0.0,CGI-3,2.338949711570465e-05,0.10553589663918195,4512.000736295117,False
900,3.5,1.0,20.0,0.0,CGI-4,1.005576287806523e-06,0.07470726579042666,74292.91200723464,False
900,3.5,1.2,5.0,0.0,CGI-1,0.6974910893443341,1.4449966448661178,0.6267095990437003,True
900,3.5,1.2,5.0,0.0,CGI-2,0.0014246015928595388,2.739114484967354,1919.9840515542146,False
900,3.5,1.2,5.0,0.0,CGI-3,0.0005386163543825278,2.431547058566752,4512.000736295117,False
900,3.5,1.2,5.0,0.0,CGI-4,2.3167964201756432e-05,1.7212554038114303,74292.91200723464,False
900,3.5,1.2,10.0,0.0,CGI-1,0.3656520653973207,0.36124916121652945,0.6267095990437003,True
900,3.5,1.2,10.0,0.0,CGI-2,0.00035653133454520777,0.6847786212418385,1919.9840515542146,False
900,3.5,1.2,10.0,0.0,CGI-3,0.000134708505748835,0.607886764641688,4512.000736295117,False
900,3.5,1.2,10.0,0.0,CGI-4,5.792091693668867e-06,0.43031385095285757,74292.91200723464,False
900,3.5,1.2,20.0,0.0,CGI-1,0.1259547186017932,0.09031229030413236,0.6267095990437003,True
900,3.5,1.2,20.0,0.0,CGI-2,8.915667399727483e-05,0.17119465531045963,1919.9840515542146,False
900,3.5,1.2,20.0,0.0,CGI-3,3.3680529227532555e-05,0.151971691160422,4512.000736295117,False
900,3.5,1.2,20.0,0.0,CGI-4,1.4480292137557028e-06,0.10757846273821439,74292.91200723464,False
900,4.0,1.0,5.0,0.0,CGI-1,0.5523820778014328,1.2101250986499656,0.9806141510129724,True
900,4.0,1.0,5.0,0.0,CGI-2,0.0016355033899357252,2.564025018081822,1565.1643171301955,False
900,4.0,1.0,5.0,0.0,CGI-3,0.0006029202845934954,2.3142229705990927,3836.0422392927367,False
900,4.0,1.0,5.0,0.0,CGI-4,2.0571590702527047e-05,1.6514744088893316,80277.7218015946,False
900,4.0,1.0,10.0,0.0,CGI-1,0.23577317785568624,0.3025312746624914,0.9806141510129724,True
900,4.0,1.0,10.0,0.0,CGI-2,0.0004093780018162329,0.6410062545204555,1565.1643171301955,False
900,4.0,1.0,10.0,0.0,CGI-3,0.00015079826064604254,0.5785557426497732,3836.0422392927367,False
900,4.0,1.0,10.0,0.0,CGI-4,5.142977025045526e-06,0.4128686022223329,80277.7218015946,False
900,4.0,1.0,20.0,0.0,CGI-1,0.07160524085445388,0.07563281866562285,0.9806141510129724,False
900,4.0,1.0,20.0,0.0,CGI-2,0.00010237593329531312,0.16025156363011386,1565.1643171301955,False
900,4.0,1.0,20.0,0.0,CGI-3,3.770382941543229e-05,0.1446389356624433,3836.0422392927367,False
900,4.0,1.0,20.0,0.0,CGI-4,1.2857492156953886e-06,0.10321715055558323,80277.7218015946,False
900,4.0,1.2,5.0,0.0,CGI-1,0.6399029795601318,1.7425801420559504,0.9806141510129724,True
900,4.0,1.2,5.0,0.0,CGI-2,0.0023534313017637572,3.6921960260378235,1565.1643171301955,False
900,4.0,1.2,5.0,0.0,CGI-3,0.0008679749491451557,3.3324810776626936,3836.0422392927367,False
900,4.0,1.2,5.0,0.0,CGI-4,2.9622822480663958e-05,2.3781231488006376,80277.7218015946,False
900,4.0,1.2,10.0,0.0,CGI-1,0.30760261939222,0.4356450355139876,0.9806141510129724,True
900,4.0,1.2,10.0,0.0,CGI-2,0.0005893981564939604,0.9230490065094559,1565.1643171301955,False
900,4.0,1.2,10.0,0.0,CGI-3,0.0002171350881491093,0.8331202694156734,3836.0422392927367,False
900,4.0,1.2,10.0,0.0,CGI-4,7.405870157248726e-06,0.5945307872001594,80277.7218015946,False
900,4.0,1.2,20.0,0.0,CGI-1,0.09996211000654483,0.1089112588784969,0.9806141510129724,False
900,4.0,1.2,20.0,0.0,CGI-2,0.00014741470358939186,0.23076225162736397,1565.1643171301955,False
900,4.0,1.2,20.0,0.0,CGI-3,5.429261366086715e-05,0.20828006735391835,3836.0422392927367,False
900,4.0,1.2,20.0,0.0,CGI-4,1.8514778231654496e-06,0.14863269680003985,80277.7218015946,False
1000,3.0,1.0,5.0,0.0,CGI-1,0.4688466571284408,0.46809635859017285,0.5303033345144696,True
1000,3.0,1.0,5.0,0.0,CGI-2,0.0006088892208627725,1.0027630680405655,1645.8699909276518,False
1000,3.0,1.0,5.0,0.0,CGI-3,0.00024601367509747635,0.8612412846095538,3499.9249823605187,False
1000,3.0,1.0,5.0,0.0,CGI-4,1.0788712992577192e-05,0.8628283333555229,79974.23095246911,False
1000,3.0,1.0,10.0,0.0,CGI-1,0.18078036752271825,0.11702408964754321,0.5303033345144696,True
1000,3.0,1.0,10.0,0.0,CGI-2,0.00015229185186596292,0.25069076701014137,1645.8699909276518,False
1000,3.0,1.0,10.0,0.0,CGI-3,6.151476888014283e-05,0.21531032115238846,3499.9249823605187,False
1000,3.0,1.0,10.0,0.0,CGI-4,2.6972000726323986e-06,0.21570708333888072,79974.23095246911,False
1000,3.0,1.0,20.0,0.0,CGI-1,0.05228403751943019,0.029256022411885803,0.5303033345144696,False
1000,3.0,1.0,20.0,0.0,CGI-2,3.8077312114772756e-05,0.06267269175253534,1645.8699909276518,False
1000,3.0,1.0,20.0,0.0,CGI-3,1.5379401765294535e-05,0.053827580288097115,3499.9249823605187,False
1000,3.0,1.0,20.0,0.0,CGI-4,6.743013822024023e-07,0.05392677083472018,79974.23095246911,False
1000,3.0,1.2,5.0,0.0,CGI-1,0.5596811469505093,0.6740587563698489,0.5303033345144696,True
1000,3.0,1.2,5.0,0.0,CGI-2,0.0008765656362407867,1.4439788179784143,1645.8699909276518,False
1000,3.0,1.2,5.0,0.0,CGI-3,0.00035422134909017533,1.2401874498377572,3499.9249823605187,False
1000,3.0,1.2,5.0,0.0,CGI-4,1.5535672960947797e-05,1.242472800031953,79974.23095246911,False
1000,3.0,1.2,10.0,0.0,CGI-1,0.241142448248083,0.16851468909246223,0.5303033345144696,True
1000,3.0,1.2,10.0,0.0,CGI-2,0.0002192855727083663,0.3609947044946036,1645.8699909276518,False
1000,3.0,1.2,10.0,0.0,CGI-3,8.857886966757974e-05,0.3100468624594393,3499.9249823605187,False
1000,3.0,1.2,10.0,0.0,CGI-4,3.88396349522694e-06,0.31061820000798823,79974.23095246911,False
1000,3.0,1.2,20.0,0.0,CGI-1,0.07359594113113319,0.04212867227311556,0.5303033345144696,False
1000,3.0,1.2,20.0,0.0,CGI-2,5.483041081561974e-05,0.0902486761236509,1645.8699909276518,False
1000,3.0,1.2,20.0,0.0,CGI-3,2.2146188680165483e-05,0.07751171561485982,3499.9249823605187,False
1000,3.0,1.2,20.0,0.0,CGI-4,9.709937022848054e-07,0.07765455000199706,79974.23095246911,False
1000,3.5,1.0,5.0,0.0,CGI-1,0.11171623982744729,0.3507861303220794,2.7891882446111484,True
1000,3.5,1.0,5.0,0.0,CGI-2,0.00012175121340589695,1.1672158987048242,9585.726138613776,False
1000,3.5,1.0,5.0,0.0,CGI-3,6.0811094618011794e-05,1.1819734343569794,19435.62379007985,False
1000,3.5,1.0,5.0,0.0,CGI-4,6.296338312107937e-06,1.4915790505693676,236894.77679665637,False
1000,3.5,1.0,10.0,0.0,CGI-1,0.030483157780871108,0.08769653258051985,2.7891882446111484,False
1000,3.5,1.0,10.0,0.0,CGI-2,3.044058298491063e-05,0.29180397467620606,9585.726138613776,False
1000,3.5,1.0,10.0,0.0,CGI-3,1.5203467059108337e-05,0.29549335858924486,19435.62379007985,False
1000,3.5,1.0,10.0,0.0,CGI-4,1.5740920112888624e-06,0.3728947626423419,236894.77679665637,False
1000,3.5,1.0,20.0,0.0,CGI-1,0.0077990952331222566,0.021924133145129962,2.7891882446111484,False
1000,3.5,1.0,20.0,0.0,CGI-2,7.610319493149213e-06,0.07295099366905151,9585.726138613776,False
1000,3.5,1.0,20.0,0.0,CGI-3,3.800910105035767e-06,0.07387333964731121,19435.62379007985,False
1000,3.5,1.0,20.0,0.0,CGI-4,3.935234674038253e-07,0.09322369066058547,236894.77679665637,False
1000,3.5,1.2,5.0,0.0,CGI-1,0.15333421947920312,0.5051320276637943,2.7891882446111484,True
1000,3.5,1.2,5.0,0.0,CGI-2,0.00017531235572799622,1.680790894134947,9585.726138613776,False
1000,3.5,1.2,5.0,0.0,CGI-3,8.756563326665265e-05,1.7020417454740506,19435.62379007985,False
1000,3.5,1.2,5.0,0.0,CGI-4,9.066702051145094e-06,2.147873832819889,236894.77679665637,False
1000,3.5,1.2,10.0,0.0,CGI-1,0.04331478379346142,0.12628300691594857,2.7891882446111484,False
1000,3.5,1.2,10.0,0.0,CGI-2,4.383385239394192e-05,0.42019772353373674,9585.726138613776,False
1000,3.5,1.2,10.0,0.0,CGI-3,2.189284611236354e-05,0.42551043636851266,19435.62379007985,False
1000,3.5,1.2,10.0,0.0,CGI-4,2.266690926344727e-06,0.5369684582049723,236894.77679665637,False
1000,3.5,1.2,20.0,0.0,CGI-1,0.011192289653227876,0.03157075172898714,2.7891882446111484,False
1000,3.5,1.2,20.0,0.0,CGI-2,1.0958823374070123e-05,0.10504943088343419,9585.726138613776,False
1000,3.5,1.2,20.0,0.0,CGI-3,5.4733013976998056e-06,0.10637760909212816,19435.62379007985,False
1000,3.5,1.2,20.0,0.0,CGI-4,5.666736949417737e-07,0.13424211455124307,236894.77679665637,False
1000,4.0,1.0,5.0,0.0,CGI-1,0.1259904847809067,0.512315369814427,3.553986706134615,True
1000,4.0,1.0,5.0,0.0,CGI-2,0.0002522859589179112,2.040140010129406,8084.577200407244,False
1000,4.0,1.0,5.0,0.0,CGI-3,0.00012498686502626627,2.248214096891401,17985.35469456822,False
1000,4.0,1.0,5.0,0.0,CGI-4,1.4632701165242986e-05,2.6763174482742107,182897.07801029403,False
1000,4.0,1.0,10.0,0.0,CGI-1,0.0347845090652215,0.12807884245360676,3.553986706134615,False
1000,4.0,1.0,10.0,0.0,CGI-2,6.308342602644798e-05,0.5100350025323515,8084.577200407244,False
1000,4.0,1.0,10.0,0.0,CGI-3,3.1249645602994396e-05,0.5620535242228503,17985.35469456822,False
1000,4.0,1.0,10.0,0.0,CGI-4,3.658215438490729e-06,0.6690793620685527,182897.07801029403,False
1000,4.0,1.0,20.0,0.0,CGI-1,0.008929072313941615,0.03201971061340169,3.553986706134615,False
1000,4.0,1.0,20.0,0.0,CGI-2,1.577160270166126e-05,0.12750875063308786,8084.577200407244,False
1000,4.0,1.0,20.0,0.0,CGI-3,7.812594506355771e-06,0.14051338105571257,17985.35469456822,False
1000,4.0,1.0,20.0,0.0,CGI-4,9.145563688558531e-07,0.16726984051713817,182897.07801029403,False
1000,4.0,1.2,5.0,0.0,CGI-1,0.1718970455594327,0.737734132532775,3.553986706134615,True
1000,4.0,1.2,5.0,0.0,CGI-2,0.00036325145781515225,2.937801614586344,8084.577200407244,False
1000,4.0,1.2,5.0,0.0,CGI-3,0.0001799711882625924,3.2374282995236174,17985.35469456822,False
1000,4.0,1.2,5.0,0.0,CGI-4,2.1070954014961613e-05,3.853897125514863,182897.07801029403,False
1000,4.0,1.2,10.0,0.0,CGI-1,0.04933461765371678,0.18443353313319374,3.553986706134615,False
1000,4.0,1.2,10.0,0.0,CGI-2,9.083761212505972e-05,0.734450403646586,8084.577200407244,False
1000,4.0,1.2,10.0,0.0,CGI-3,4.499887094085337e-05,0.8093570748809044,17985.35469456822,False
1000,4.0,1.2,10.0,0.0,CGI-4,5.26782175226283e-06,0.9634742813787157,182897.07801029403,False
1000,4.0,1.2,20.0,0.0,CGI-1,0.012807545950335867,0.046108383283298436,3.553986706134615,False
1000,4.0,1.2,20.0,0.0,CGI-2,2.2710950287634845e-05,0.1836126009116465,8084.577200407244,False
1000,4.0,1.2,20.0,0.0,CGI-3,1.125009741647463e-05,0.2023392687202261,17985.35469456822,False
1000,4.0,1.2,20.0,0.0,CGI-4,1.3169606412011418e-06,0.24086857034467893,182897.07801029403,False
1100,3.0,1.0,5.0,0.0,CGI-1,0.18601899528429133,0.2513483359913142,1.099848812489036,True
1100,3.0,1.0,5.0,0.0,CGI-2,0.00017041140446704626,0.6238420997343185,3660.1763354784953,False
1100,3.0,1.0,5.0,0.0,CGI-3,7.174180586932997e-05,0.5296644268781056,7382.396099148585,False
1100,3.0,1.0,5.0,0.0,CGI-4,3.9541830260677205e-06,0.6307263759480857,159508.01411632833,False
1100,3.0,1.0,10.0,0.0,CGI-1,0.05404476323974955,0.06283708399782854,1.099848812489036,False
1100,3.0,1.0,10.0,0.0,CGI-2,4.260829682153905e-05,0.15596052493357962,3660.1763354784953,False
1100,3.0,1.0,10.0,0.0,CGI-3,1.793641656051865e-05,0.1324161067195264,7382.396099148585,False
1100,3.0,1.0,10.0,0.0,CGI-4,9.885486881937625e-07,0.15768159398702142,159508.01411632833,False
1100,3.0,1.0,20.0,0.0,CGI-1,0.014081983925330211,0.015709270999457136,1.099848812489036,False
1100,3.0,1.0,20.0,0.0,CGI-2,1.065241461631764e-05,0.038990131233394905,3660.1763354784953,False
1100,3.0,1.0,20.0,0.0,CGI-3,4.484164462510956e-06,0.0331040266798816,7382.396099148585,False
1100,3.0,1.0,20.0,0.0,CGI-4,2.4713735527892193e-07,0.039420398496755354,159508.01411632833,False
1100,3.0,1.2,5.0,0.0,CGI-1,0.24760157118797216,0.36194160382749235,1.099848812489036,True
1100,3.0,1.2,5.0,0.0,CGI-2,0.00024537402403844184,0.8983326236174184,3660.1763354784953,False
1100,3.0,1.2,5.0,0.0,CGI-3,0.00010330493948735296,0.7627167747044719,7382.396099148585,False
1100,3.0,1.2,5.0,0.0,CGI-4,5.69401365086178e-06,0.9082459813652431,159508.01411632833,False
1100,3.0,1.2,10.0,0.0,CGI-1,0.07601680262127902,0.09048540095687309,1.099848812489036,False
1100,3.0,1.2,10.0,0.0,CGI-2,6.135479716471625e-05,0.2245831559043546,3660.1763354784953,False
1100,3.0,1.2,10.0,0.0,CGI-3,2.5828236010106804e-05,0.19067919367611796,7382.396099148585,False
1100,3.0,1.2,10.0,0.0,CGI-4,1.4235094918273039e-06,0.2270614953413108,159508.01411632833,False
1100,3.0,1.2,20.0,0.0,CGI-1,0.020153186240813078,0.022621350239218272,1.099848812489036,False
1100,3.0,1.2,20.0,0.0,CGI-2,1.53394051507478e-05,0.05614578897608865,3660.1763354784953,False
1100,3.0,1.2,20.0,0.0,CGI-3,6.457184085782598e-06,0.04766979841902949,7382.396099148585,False
1100,3.0,1.2,20.0,0.0,CGI-4,3.5587775290334537e-07,0.0567653738353277,159508.01411632833,False
1100,3.5,1.0,5.0,0.0,CGI-1,0.02492269709709988,0.17076285555760856,6.6809376202098925,False
1100,3.5,1.0,5.0,0.0,CGI-2,3.269564693443085e-05,0.7611090305620943,23277.84329015605,False
1100,3.5,1.0,5.0,0.0,CGI-3,1.7713173300579756e-05,0.7884879739283798,44513.424778520355,False
1100,3.5,1.0,5.0,0.0,CGI-4,2.7852587399709837e-06,1.3294551886563049,477317.0501902711,False
1100,3.5,1.0,10.0,0.0,CGI-1,0.006349356592614371,0.04269071388940214,6.6809376202098925,False
1100,3.5,1.0,10.0,0.0,CGI-2,8.17411217702202e-06,0.19027725764052358,23277.84329015605,False
1100,3.5,1.0,10.0,0.0,CGI-3,4.428352155271811e-06,0.19712199348209494,44513.424778520355,False
1100,3.5,1.0,10.0,0.0,CGI-4,6.96316139558206e-07,0.3323637971640762,477317.0501902711,False
1100,3.5,1.0,20.0,0.0,CGI-1,0.0015949342528886164,0.010672678472350535,6.6809376202098925,False
1100,3.5,1.0,20.0,0.0,CGI-2,2.0435405723529123e-06,0.047569314410130896,23277.84329015605,False
1100,3.5,1.0,20.0,0.0,CGI-3,1.1070917157619418e-06,0.049280498370523736,44513.424778520355,False
1100,3.5,1.0,20.0,0.0,CGI-4,1.7407912580013015e-07,0.08309094929101905,477317.0501902711,False
1100,3.5,1.2,5.0,0.0,CGI-1,0.03549939789385512,0.24589851200295632,6.6809376202098925,False
1100,3.5,1.2,5.0,0.0,CGI-2,4.7081054273548186e-05,1.095997004009416,23277.84329015605,False
1100,3.5,1.2,5.0,0.0,CGI-3,2.5506770758260512e-05,1.135422682456867,44513.424778520355,False
1100,3.5,1.2,5.0,0.0,CGI-4,4.010767670306904e-06,1.9144154716650787,477317.0501902711,False
1100,3.5,1.2,10.0,0.0,CGI-1,0.009117601495971094,0.06147462800073908,6.6809376202098925,False
1100,3.5,1.2,10.0,0.0,CGI-2,1.1770679200376748e-05,0.273999251002354,23277.84329015605,False
1100,3.5,1.2,10.0,0.0,CGI-3,6.376814678527757e-06,0.28385567061421674,44513.424778520355,False
1100,3.5,1.2,10.0,0.0,CGI-4,1.0026949337590437e-06,0.4786038679162697,477317.0501902711,False
1100,3.5,1.2,20.0,0.0,CGI-1,0.002295094693098164,0.01536865700018477,6.6809376202098925,False
1100,3.5,1.2,20.0,0.0,CGI-2,2.94269577824018e-06,0.0684998127505885,23277.84329015605,False
1100,3.5,1.2,20.0,0.0,CGI-3,1.594211294124425e-06,0.07096391765355418,44513.424778520355,False
1100,3.5,1.2,20.0,0.0,CGI-4,2.5067392195186465e-07,0.11965096697906742,477317.0501902711,False
1100,4.0,1.0,5.0,0.0,CGI-1,0.013834469778967552,0.21528780438158557,15.346407571099022,False
1100,4.0,1.0,5.0,0.0,CGI-2,6.990026464143353e-05,1.9528805346395384,27936.146419335026,False
1100,4.0,1.0,5.0,0.0,CGI-3,3.9242234521054243e-05,2.2471273942034378,57260.735514376844,False
1100,4.0,1.0,5.0,0.0,CGI-4,5.6403850891707015e-06,2.6157850536447,463757.3956841802,False
1100,4.0,1.0,10.0,0.0,CGI-1,0.003494879801487995,0.05382195109539639,15.346407571099022,False
1100,4.0,1.0,10.0,0.0,CGI-2,1.7475982342201325e-05,0.4882201336598846,27936.146419335026,False
1100,4.0,1.0,10.0,0.0,CGI-3,9.810847379943862e-06,0.5617818485508594,57260.735514376844,False
1100,4.0,1.0,10.0,0.0,CGI-4,1.410102237432401e-06,0.653946263411175,463757.3956841802,False
1100,4.0,1.0,20.0,0.0,CGI-1,0.0008760161286774182,0.013455487773849098,15.346407571099022,False
1100,4.0,1.0,20.0,0.0,CGI-2,4.369052850668184e-06,0.12205503341497115,27936.146419335026,False
1100,4.0,1.0,20.0,0.0,CGI-3,2.452729892504945e-06,0.14044546213771486,57260.735514376844,False
1100,4.0,1.0,20.0,0.0,CGI-4,3.5252593218130455e-07,0.16348656585279375,463757.3956841802,False
1100,4.0,1.2,5.0,0.0,CGI-1,0.01980110386160928,0.3100144383094833,15.346407571099022,False
1100,4.0,1.2,5.0,0.0,CGI-2,0.00010065328537949884,2.812147969880935,27936.146419335026,False
1100,4.0,1.2,5.0,0.0,CGI-3,5.650784201296315e-05,3.2358634476529504,57260.735514376844,False
1100,4.0,1.2,5.0,0.0,CGI-4,8.122134371140945e-06,3.766730477248368,463757.3956841802,False
1100,4.0,1.2,10.0,0.0,CGI-1,0.005024899888847261,0.07750360957737082,15.346407571099022,False
1100,4.0,1.2,10.0,0.0,CGI-2,2.5165221066507948e-05,0.7030369924702338,27936.146419335026,False
1100,4.0,1.2,10.0,0.0,CGI-3,1.412755924165503e-05,0.8089658619132376,57260.735514376844,False
1100,4.0,1.2,10.0,0.0,CGI-4,2.0305459620605992e-06,0.941682619312092,463757.3956841802,False
1100,4.0,1.2,20.0,0.0,CGI-1,0.0012609771853005066,0.019375902394342705,15.346407571099022,False
1100,4.0,1.2,20.0,0.0,CGI-2,6.291424010434021e-06,0.17575924811755844,27936.146419335026,False
1100,4.0,1.2,20.0,0.0,CGI-3,3.5319272335471795e-06,0.2022414654783094,57260.735514376844,False
1100,4.0,1.2,20.0,0.0,CGI-4,5.076372636007468e-07,0.235420654828023,463757.3956841802,False
1200,3.0,1.0,5.0,0.0,CGI-1,0.06061460342910591,0.1665713220631609,2.5814681377343556,False
1200,3.0,1.0,5.0,0.0,CGI-2,6.545785252565208e-05,0.5481570303453482,8373.65003608228,False
1200,3.0,1.0,5.0,0.0,CGI-3,3.0045827126269106e-05,0.4804590297584004,15990.393339825803,False
1200,3.0,1.0,5.0,0.0,CGI-4,2.3135354439769973e-06,0.69068037121996,298538.2286251707,False
1200,3.0,1.0,10.0,0.0,CGI-1,0.015875359837929308,0.04164283051579022,2.5814681377343556,False
1200,3.0,1.0,10.0,0.0,CGI-2,1.6365266557816682e-05,0.13703925758633706,8373.65003608228,False
1200,3.0,1.0,10.0,0.0,CGI-3,7.511626051330609e-06,0.1201147574396001,15990.393339825803,False
1200,3.0,1.0,10.0,0.0,CGI-4,5.783848645796627e-07,0.17267009280499,298538.2286251707,False
1200,3.0,1.0,20.0,0.0,CGI-1,0.0040166644546567485,0.010410707628947555,2.5814681377343556,False
1200,3.0,1.0,20.0,0.0,CGI-2,4.091366856686067e-06,0.034259814396584265,8373.65003608228,False
1200,3.0,1.0,20.0,0.0,CGI-3,1.8779170924908679e-06,0.030028689359900024,15990.393339825803,False
1200,3.0,1.0,20.0,0.0,CGI-4,1.4459627886914004e-07,0.0431675232012475,298538.2286251707,False
1200,3.0,1.2,5.0,0.0,CGI-1,0.0850175740619537,0.23986270377095165,2.5814681377343556,False
1200,3.0,1.2,5.0,0.0,CGI-2,9.425659290990936e-05,0.7893461236973016,8373.65003608228,False
1200,3.0,1.2,5.0,0.0,CGI-3,4.326541908589445e-05,0.6918610028520964,15990.393339825803,False
1200,3.0,1.2,5.0,0.0,CGI-4,3.3314876480203837e-06,0.9945797345567422,298538.2286251707,False
1200,3.0,1.2,10.0,0.0,CGI-1,0.02270194151079665,0.05996567594273791,2.5814681377343556,False
1200,3.0,1.2,10.0,0.0,CGI-2,2.3565814152490714e-05,0.1973365309243254,8373.65003608228,False
1200,3.0,1.2,10.0,0.0,CGI-3,1.0816705763454602e-05,0.1729652507130241,15990.393339825803,False
1200,3.0,1.2,10.0,0.0,CGI-4,8.32873993037161e-07,0.24864493363918555,298538.2286251707,False
1200,3.0,1.2,20.0,0.0,CGI-1,0.00577379260419611,0.014991418985684478,2.5814681377343556,False
1200,3.0,1.2,20.0,0.0,CGI-2,5.8915576676374765e-06,0.04933413273108135,8373.65003608228,False
1200,3.0,1.2,20.0,0.0,CGI-3,2.704198378752292e-06,0.043241312678256025,15990.393339825803,False
1200,3.0,1.2,20.0,0.0,CGI-4,2.0821862832420056e-07,0.06216123340979639,298538.2286251707,False
1200,3.5,1.0,5.0,0.0,CGI-1,0.005860989322576785,0.11162527529602864,18.9338411387176,False
1200,3.5,1.0,5.0,0.0,CGI-2,1.587377830789641e-05,0.833983700462,52537.61554517667,False
1200,3.5,1.0,5.0,0.0,CGI-3,9.260580430689707e-06,0.8902664781283185,96134.1721943976,False
1200,3.5,1.0,5.0,0.0,CGI-4,1.5825646003442876e-06,1.4801023118394743,935254.0611359273,False
1200,3.5,1.0,10.0,0.0,CGI-1,0.0014717166171785527,0.02790631882400716,18.9338411387176,False
1200,3.5,1.0,10.0,0.0,CGI-2,3.9684918231936655e-06,0.2084959251155,52537.61554517667,False
1200,3.5,1.0,10.0,0.0,CGI-3,2.315161187474717e-06,0.22256661953207962,96134.1721943976,False
1200,3.5,1.0,10.0,0.0,CGI-4,3.956416196823882e-07,0.37002557795986857,935254.0611359273,False
1200,3.5,1.0,20.0,0.0,CGI-1,0.0003683357186430087,0.00697657970600179,18.9338411387176,False
1200,3.5,1.0,20.0,0.0,CGI-2,9.921259087310836e-07,0.052123981278875,52537.61554517667,False
1200,3.5,1.0,20.0,0.0,CGI-3,5.787913018650475e-07,0.055641654883019906,96134.1721943976,False
1200,3.5,1.0,20.0,0.0,CGI-4,9.891043427041036e-08,0.09250639448996714,935254.0611359273,False
1200,3.5,1.2,5.0,0.0,CGI-1,0.008418115690591909,0.16074039642628124,18.9338411387176,False
1200,3.5,1.2,5.0,0.0,CGI-2,2.2858081111961488e-05,1.2009365286652796,52537.61554517667,False
1200,3.5,1.2,5.0,0.0,CGI-3,1.3335181483924072e-05,1.2819837285047784,96134.1721943976,False
1200,3.5,1.2,5.0,0.0,CGI-4,2.2788914376388903e-06,2.1313473290488427,935254.0611359273,False
1200,3.5,1.2,10.0,0.0,CGI-1,0.0021179004710377433,0.04018509910657031,18.9338411387176,False
1200,3.5,1.2,10.0,0.0,CGI-2,5.71461824689593e-06,0.3002341321663199,52537.61554517667,False
1200,3.5,1.2,10.0,0.0,CGI-3,3.33382871388922e-06,0.3204959321261946,96134.1721943976,False
1200,3.5,1.2,10.0,0.0,CGI-4,5.697238331637965e-07,0.5328368322622107,935254.0611359273,False
1200,3.5,1.2,20.0,0.0,CGI-1,0.0005303174875018707,0.010046274776642578,18.9338411387176,False
1200,3.5,1.2,20.0,0.0,CGI-2,1.4286606849117965e-06,0.07505853304157997,52537.61554517667,False
1200,3.5,1.2,20.0,0.0,CGI-3,8.334592624301208e-07,0.08012398303154865,96134.1721943976,False
1200,3.5,1.2,20.0,0.0,CGI-4,1.4243101915070876e-07,0.13320920806555267,935254.0611359273,False
1200,4.0,1.0,5.0,0.0,CGI-1,0.004172977852565936,0.12418704268725497,29.63562647055562,False
1200,4.0,1.0,5.0,0.0,CGI-2,3.8693248886904606e-05,1.7436096861352683,45060.63125657581,False
1200,4.0,1.0,5.0,0.0,CGI-3,2.2414177171963335e-05,1.9868800733903536,88641.91283334696,False
1200,4.0,1.0,5.0,0.0,CGI-4,3.026087493982937e-06,2.379709381939266,786395.6959150251,False
1200,4.0,1.0,10.0,0.0,CGI-1,0.0010465197910743027,0.031046760671813743,29.63562647055562,False
1200,4.0,1.0,10.0,0.0,CGI-2,9.67359294878085e-06,0.4359024215338171,45060.63125657581,False
1200,4.0,1.0,10.0,0.0,CGI-3,5.603638493700338e-06,0.4967200183475884,88641.91283334696,False
1200,4.0,1.0,10.0,0.0,CGI-4,7.565235904756663e-07,0.5949273454848165,786395.6959150251,False
1200,4.0,1.0,20.0,0.0,CGI-1,0.0002618354597615598,0.007761690167953436,29.63562647055562,False
1200,4.0,1.0,20.0,0.0,CGI-2,2.418415783272614e-06,0.10897560538345427,45060.63125657581,False
1200,4.0,1.0,20.0,0.0,CGI-3,1.4009155110931478e-06,0.1241800045868971,88641.91283334696,False
1200,4.0,1.0,20.0,0.0,CGI-4,1.8913100493046677e-07,0.14873183637120413,786395.6959150251,False
1200,4.0,1.2,5.0,0.0,CGI-1,0.005998074980711829,0.17882934146964716,29.63562647055562,False
1200,4.0,1.2,5.0,0.0,CGI-2,5.571732980795842e-05,2.5107979480347864,45060.63125657581,False
1200,4.0,1.2,5.0,0.0,CGI-3,3.227609681308015e-05,2.861107305682109,88641.91283334696,False
1200,4.0,1.2,5.0,0.0,CGI-4,4.3575601893377365e-06,3.4267815099925434,786395.6959150251,False
1200,4.0,1.2,10.0,0.0,CGI-1,0.0015062948974815759,0.04470733536741179,29.63562647055562,False
1200,4.0,1.2,10.0,0.0,CGI-2,1.392991455522221e-05,0.6276994870086966,45060.63125657581,False
1200,4.0,1.2,10.0,0.0,CGI-3,8.069219535453237e-06,0.7152768264205273,88641.91283334696,False
1200,4.0,1.2,10.0,0.0,CGI-4,1.0893936076580956e-06,0.8566953774981358,786395.6959150251,False
1200,4.0,1.2,20.0,0.0,CGI-1,0.0003769996288333421,0.011176833841852947,29.63562647055562,False
1200,4.0,1.2,20.0,0.0,CGI-2,3.4825150221580743e-06,0.15692487175217415,45060.63125657581,False
1200,4.0,1.2,20.0,0.0,CGI-3,2.0173170924941784e-06,0.17881920660513181,88641.91283334696,False
1200,4.0,1.2,20.0,0.0,CGI-4,2.723486244356618e-07,0.21417384437453396,786395.6959150251,False
1300,3.0,1.0,5.0,0.0,CGI-1,0.003838911436598496,0.13707355187828066,35.56928595709127,False
1300,3.0,1.0,5.0,0.0,CGI-2,1.7300251004765215e-05,1.367751909043942,79058.28916677993,False
1300,3.0,1.0,5.0,0.0,CGI-3,1.0240685874406129e-05,1.4322710243874743,139859.41708546793,False
1300,3.0,1.0,5.0,0.0,CGI-4,1.5909553623711876e-06,1.9674621926040643,1236652.5856056726,False
1300,3.0,1.0,10.0,0.0,CGI-1,0.0009624990706671989,0.034268387969570165,35.56928595709127,False
1300,3.0,1.0,10.0,0.0,CGI-2,4.325118870422866e-06,0.3419379772609855,79058.28916677993,False
1300,3.0,1.0,10.0,0.0,CGI-3,2.5601911321864045e-06,0.3580677560968686,139859.41708546793,False
1300,3.0,1.0,10.0,0.0,CGI-4,3.9773931518191914e-07,0.4918655481510161,1236652.5856056726,False
1300,3.0,1.0,20.0,0.0,CGI-1,0.00024079859398399537,0.008567096992392541,35.56928595709127,False
1300,3.0,1.0,20.0,0.0,CGI-2,1.0812832251145777e-06,0.08548449431524638,79058.28916677993,False
1300,3.0,1.0,20.0,0.0,CGI-3,6.400490120324547e-07,0.08951693902421715,139859.41708546793,False
1300,3.0,1.0,20.0,0.0,CGI-4,9.943485845734415e-08,0.12296638703775402,1236652.5856056726,False
1300,3.0,1.2,5.0,0.0,CGI-1,0.005518710698391088,0.19738591470472414,35.56928595709127,False
1300,3.0,1.2,5.0,0.0,CGI-2,2.4912171812658716e-05,1.9695627490232765,79058.28916677993,False
1300,3.0,1.2,5.0,0.0,CGI-3,1.4746521212768569e-05,2.0624702751179624,139859.41708546793,False
1300,3.0,1.2,5.0,0.0,CGI-4,2.290974118085984e-06,2.8331455573498525,1236652.5856056726,False
1300,3.0,1.2,10.0,0.0,CGI-1,0.0013854119403705232,0.049346478676181034,35.56928595709127,False
1300,3.0,1.2,10.0,0.0,CGI-2,6.228159320895989e-06,0.49239068725581914,79058.28916677993,False
1300,3.0,1.2,10.0,0.0,CGI-3,3.6866710773720777e-06,0.5156175687794906,139859.41708546793,False
1300,3.0,1.2,10.0,0.0,CGI-4,5.727445136286389e-07,0.7082863893374631,1236652.5856056726,False
1300,3.0,1.2,20.0,0.0,CGI-1,0.00034671324059017946,0.012336619669045258,35.56928595709127,False
1300,3.0,1.2,20.0,0.0,CGI-2,1.5570471033770698e-06,0.12309767181395478,79058.28916677993,False
1300,3.0,1.2,20.0,0.0,CGI-3,9.21670317764497e-07,0.12890439219487265,139859.41708546793,False
1300,3.0,1.2,20.0,0.0,CGI-4,1.4318618991398822e-07,0.17707159733436578,1236652.5856056726,False
1300,3.5,1.0,5.0,0.0,CGI-1,0.00040602483965523087,0.17666207763887365,434.9249878334436,False
1300,3.5,1.0,5.0,0.0,CGI-2,8.38711915025183e-06,2.79305389049346,333014.2823515061,False
1300,3.5,1.0,5.0,0.0,CGI-3,5.07172305042464e-06,3.0042525145223777,592350.4197521422,False
1300,3.5,1.0,5.0,0.0,CGI-4,1.0373452733059e-06,3.0983612183238396,2986814.5968211377,False
1300,3.5,1.0,10.0,0.0,CGI-1,0.00010153712986146101,0.04416551940971841,434.9249878334436,False
1300,3.5,1.0,10.0,0.0,CGI-2,2.096792977102357e-06,0.698263472623365,333014.2823515061,False
1300,3.5,1.0,10.0,0.0,CGI-3,1.267935585569762e-06,0.7510631286305944,592350.4197521422,False
1300,3.5,1.0,10.0,0.0,CGI-4,2.5933652009261e-07,0.7745903045809599,2986814.5968211377,False
1300,3.5,1.0,20.0,0.0,CGI-1,2.5386215697975263e-05,0.011041379852429603,434.9249878334436,False
1300,3.5,1.0,20.0,0.0,CGI-2,5.241990686282835e-07,0.17456586815584124,333014.2823515061,False
1300,3.5,1.0,20.0,0.0,CGI-3,3.169841978290989e-07,0.1877657821576486,592350.4197521422,False
1300,3.5,1.0,20.0,0.0,CGI-4,6.48341426335482e-08,0.19364757614523997,2986814.5968211377,False
1300,3.5,1.2,5.0,0.0,CGI-1,0.0005845713348912253,0.25439339179997805,434.9249878334436,False
1300,3.5,1.2,5.0,0.0,CGI-2,1.2077407006715934e-05,4.021997602310582,333014.2823515061,False
1300,3.5,1.2,5.0,0.0,CGI-3,7.30326489495124e-06,4.326123620912224,592350.4197521422,False
1300,3.5,1.2,5.0,0.0,CGI-4,1.4937765117532145e-06,4.4616401543863295,2986814.5968211377,False
1300,3.5,1.2,10.0,0.0,CGI-1,0.00014620693501018325,0.06359834794999451,434.9249878334436,False
1300,3.5,1.2,10.0,0.0,CGI-2,3.01937910138172e-06,1.0054994005776454,333014.2823515061,False
1300,3.5,1.2,10.0,0.0,CGI-3,1.8258262246072381e-06,1.081530905228056,592350.4197521422,False
1300,3.5,1.2,10.0,0.0,CGI-4,3.734445463203224e-07,1.1154100385965824,2986814.5968211377,False
1300,3.5,1.2,20.0,0.0,CGI-1,3.6555742279822634e-05,0.01589958698749863,434.9249878334436,False
1300,3.5,1.2,20.0,0.0,CGI-2,7.548464847212055e-07,0.25137485014441135,333014.2823515061,False
1300,3.5,1.2,20.0,0.0,CGI-3,4.564571812104284e-07,0.270382726307014,592350.4197521422,False
1300,3.5,1.2,20.0,0.0,CGI-4,9.33611627289934e-08,0.2788525096491456,2986814.5968211377,False
1300,4.0,1.0,5.0,0.0,CGI-1,0.0011230000299044948,0.10029812748692837,89.21236867222652,False
1300,4.0,1.0,5.0,0.0,CGI-2,2.053433970864407e-05,1.9901282687908088,96915.09106490201,False
1300,4.0,1.0,5.0,0.0,CGI-3,1.207156969907144e-05,2.2307829673303585,184794.1977628541,False
1300,4.0,1.0,5.0,0.0,CGI-4,1.6347351927786826e-06,2.5319372245972795,1548833.7785440804,False
1300,4.0,1.0,10.0,0.0,CGI-1,0.0002809866685039732,0.025074531871732093,89.21236867222652,False
1300,4.0,1.0,10.0,0.0,CGI-2,5.13366398946125e-06,0.4975320671977022,96915.09106490201,False
1300,4.0,1.0,10.0,0.0,CGI-3,3.0179197480392985e-06,0.5576957418325896,184794.1977628541,False
1300,4.0,1.0,10.0,0.0,CGI-4,4.0868429926262564e-07,0.6329843061493199,1548833.7785440804,False
1300,4.0,1.0,20.0,0.0,CGI-1,7.026147402912702e-05,0.006268632967933023,89.21236867222652,False
1300,4.0,1.0,20.0,0.0,CGI-2,1.2834209388542056e-06,0.12438301679942555,96915.09106490201,False
1300,4.0,1.0,20.0,0.0,CGI-3,7.544816447336159e-07,0.1394239354581474,184794.1977628541,False
1300,4.0,1.0,20.0,0.0,CGI-4,1.0217110613245161e-07,0.15824607653732997,1548833.7785440804,False
1300,4.0,1.2,5.0,0.0,CGI-1,0.0016163213863177974,0.14442930358117684,89.21236867222652,False
1300,4.0,1.2,5.0,0.0,CGI-2,2.956918201965092e-05,2.865784707058764,96915.09106490201,False
1300,4.0,1.2,5.0,0.0,CGI-3,1.7382968037190366e-05,3.2123274729557156,184794.1977628541,False
1300,4.0,1.2,5.0,0.0,CGI-4,2.354016984395763e-06,3.6459896034200825,1548833.7785440804,False
1300,4.0,1.2,10.0,0.0,CGI-1,0.0004045707838871564,0.03610732589529421,89.21236867222652,False
1300,4.0,1.2,10.0,0.0,CGI-2,7.392459446646943e-06,0.716446176764691,96915.09106490201,False
1300,4.0,1.2,10.0,0.0,CGI-3,4.345798666457078e-06,0.8030818682389289,184794.1977628541,False
1300,4.0,1.2,10.0,0.0,CGI-4,5.885052851125181e-07,0.9114974008550206,1548833.7785440804,False
1300,4.0,1.2,20.0,0.0,CGI-1,0.00010117339482152773,0.009026831473823552,89.21236867222652,False
1300,4.0,1.2,20.0,0.0,CGI-2,1.8481251083041725e-06,0.17911154419117276,96915.09106490201,False
1300,4.0,1.2,20.0,0.0,CGI-3,1.0864532077444455e-06,0.20077046705973223,184794.1977628541,False
1300,4.0,1.2,20.0,0.0,CGI-4,1.4712638621662144e-07,0.22787435021375516,1548833.7785440804,False
1400,3.0,1.0,5.0,0.0,CGI-1,0.002251986521778757,0.167229538354114,74.09144685107022,False
1400,3.0,1.0,5.0,0.0,CGI-2,3.21310243182778e-05,2.4487567962642784,76209.15196927515,False
1400,3.0,1.0,5.0,0.0,CGI-3,1.824290687239304e-05,2.62697043836359,143996.9262114605,False
1400,3.0,1.0,5.0,0.0,CGI-4,2.6376033582654276e-06,2.9718311183949644,1126713.4880498454,False
1400,3.0,1.0,10.0,0.0,CGI-1,0.0005639491348326482,0.0418073845885285,74.09144685107022,False
1400,3.0,1.0,10.0,0.0,CGI-2,8.032949659745099e-06,0.6121891990660696,76209.15196927515,False
1400,3.0,1.0,10.0,0.0,CGI-3,4.560789119636641e-06,0.6567426095908975,143996.9262114605,False
1400,3.0,1.0,10.0,0.0,CGI-4,6.59402143997339e-07,0.7429577795987411,1126713.4880498454,False
1400,3.0,1.0,20.0,0.0,CGI-1,0.00014104694118350047,0.010451846147132125,74.09144685107022,False
1400,3.0,1.0,20.0,0.0,CGI-2,2.0082495140617126e-06,0.1530472997665174,76209.15196927515,False
1400,3.0,1.0,20.0,0.0,CGI-3,1.1402011800720126e-06,0.16418565239772437,143996.9262114605,False
1400,3.0,1.0,20.0,0.0,CGI-4,1.6485061752647276e-07,0.18573944489968527,1126713.4880498454,False
1400,3.0,1.2,5.0,0.0,CGI-1,0.0032396505056808203,0.24081053522992416,74.09144685107022,False
1400,3.0,1.2,5.0,0.0,CGI-2,4.6268020897202e-05,3.5262097866205604,76209.15196927515,False
1400,3.0,1.2,5.0,0.0,CGI-3,2.6269575033545173e-05,3.7828374312435686,143996.9262114605,False
1400,3.0,1.2,5.0,0.0,CGI-4,3.7981444279828767e-06,4.279436810488749,1126713.4880498454,False
1400,3.0,1.2,10.0,0.0,CGI-1,0.0008118852948747771,0.06020263380748104,74.09144685107022,False
1400,3.0,1.2,10.0,0.0,CGI-2,1.1567406625059092e-05,0.8815524466551401,76209.15196927515,False
1400,3.0,1.2,10.0,0.0,CGI-3,6.56752315291798e-06,0.9457093578108922,143996.9262114605,False
1400,3.0,1.2,10.0,0.0,CGI-4,9.495388118598796e-07,1.0698592026221871,1126713.4880498454,False
1400,3.0,1.2,20.0,0.0,CGI-1,0.0002030949910962446,0.01505065845187026,74.09144685107022,False
1400,3.0,1.2,20.0,0.0,CGI-2,2.891876744900436e-06,0.22038811166378502,76209.15196927515,False
1400,3.0,1.2,20.0,0.0,CGI-3,1.6418888755868986e-06,0.23642733945272304,143996.9262114605,False
1400,3.0,1.2,20.0,0.0,CGI-4,2.373848720195819e-07,0.2674648006555468,1126713.4880498454,False
1400,3.5,1.0,5.0,0.0,CGI-1,0.00045328043177380564,0.3410926524293465,752.1569825337444,False
1400,3.5,1.0,5.0,0.0,CGI-2,1.4929146626387071e-05,4.359831706241727,292030.5310665975,False
1400,3.5,1.0,5.0,0.0,CGI-3,8.593355871792252e-06,4.555863250095298,530156.5730444854,False
1400,3.5,1.0,5.0,0.0,CGI-4,1.2407498895043453e-06,4.038218653117253,3254655.65369592,False
1400,3.5,1.0,10.0,0.0,CGI-1,0.00011335864538524554,0.08527316310733662,752.1569825337444,False
1400,3.5,1.0,10.0,0.0,CGI-2,3.7323284469557495e-06,1.0899579265604318,292030.5310665975,False
1400,3.5,1.0,10.0,0.0,CGI-3,2.1483528141182655e-06,1.1389658125238245,530156.5730444854,False
1400,3.5,1.0,10.0,0.0,CGI-4,3.1018776102515903e-07,1.0095546632793133,3254655.65369592,False
1400,3.5,1.0,20.0,0.0,CGI-1,2.8342070960389997e-05,0.021318290776834156,752.1569825337444,False
1400,3.5,1.0,20.0,0.0,CGI-2,9.330847236729304e-07,0.27248948164010794,292030.5310665975,False
1400,3.5,1.0,20.0,0.0,CGI-3,5.370890689221758e-07,0.2847414531309561,530156.5730444854,False
1400,3.5,1.0,20.0,0.0,CGI-4,7.754695829687777e-08,0.25238866581982833,3254655.65369592,False
1400,3.5,1.2,5.0,0.0,CGI-1,0.0006525936662612012,0.491173419498259,752.1569825337444,False
1400,3.5,1.2,5.0,0.0,CGI-2,2.1497829926525125e-05,6.278157656988087,292030.5310665975,False
1400,3.5,1.2,5.0,0.0,CGI-3,1.237438566688096e-05,6.560443080137229,530156.5730444854,False
1400,3.5,1.2,5.0,0.0,CGI-4,1.7866788654847509e-06,5.8150348604888435,3254655.65369592,False
1400,3.5,1.2,10.0,0.0,CGI-1,0.00016322830788521062,0.12279335487456475,752.1569825337444,False
1400,3.5,1.2,10.0,0.0,CGI-2,5.37454413740813e-06,1.5695394142470218,292030.5310665975,False
1400,3.5,1.2,10.0,0.0,CGI-3,3.093625128003072e-06,1.6401107700343072,530156.5730444854,False
1400,3.5,1.2,10.0,0.0,CGI-4,4.4667031491349633e-07,1.4537587151222109,3254655.65369592,False
1400,3.5,1.2,20.0,0.0,CGI-1,4.08120732355443e-05,0.030698338718641187,752.1569825337444,False
1400,3.5,1.2,20.0,0.0,CGI-2,1.3436414504472429e-06,0.39238485356175545,292030.5310665975,False
1400,3.5,1.2,20.0,0.0,CGI-3,7.734080764767627e-07,0.4100276925085768,530156.5730444854,False
1400,3.5,1.2,20.0,0.0,CGI-4,1.1166761613733103e-07,0.3634396787805527,3254655.65369592,False
1400,4.0,1.0,5.0,0.0,CGI-1,0.0005886908515889068,0.2622186155286434,445.1644681096037,False
1400,4.0,1.0,5.0,0.0,CGI-2,2.8924546975447587e-05,4.917447561176038,170004.57536662815,False
1400,4.0,1.0,5.0,0.0,CGI-3,1.6441841204400998e-05,5.339738856885348,324759.92167578667,False
1400,4.0,1.0,5.0,0.0,CGI-4,2.683444824291975e-06,5.249843707198025,1956376.9569651068,False
1400,4.0,1.0,10.0,0.0,CGI-1,0.00014723772102175745,0.06555465388216085,445.1644681096037,False
1400,4.0,1.0,10.0,0.0,CGI-2,7.231293615280798e-06,1.2293618902940096,170004.57536662815,False
1400,4.0,1.0,10.0,0.0,CGI-3,4.110510989376967e-06,1.334934714221337,324759.92167578667,False
1400,4.0,1.0,10.0,0.0,CGI-4,6.708625562399846e-07,1.3124609267995062,1956376.9569651068,False
1400,4.0,1.0,20.0,0.0,CGI-1,3.681349550682531e-05,0.016388663470540212,445.1644681096037,False
1400,4.0,1.0,20.0,0.0,CGI-2,1.8078332085497532e-06,0.3073404725735024,170004.57536662815,False
1400,4.0,1.0,20.0,0.0,CGI-3,1.0276309154103698e-06,0.33373367855533426,324759.92167578667,False
1400,4.0,1.0,20.0,0.0,CGI-4,1.677157234456454e-07,0.32811523169987655,1956376.9569651068,False
1400,4.0,1.2,5.0,0.0,CGI-1,0.0008474953046856672,0.3775948063612464,445.1644681096037,False
1400,4.0,1.2,5.0,0.0,CGI-2,4.165081756299169e-05,7.0811244880934945,170004.57536662815,False
1400,4.0,1.2,5.0,0.0,CGI-3,2.3676080051864072e-05,7.689223953914901,324759.92167578667,False
1400,4.0,1.2,5.0,0.0,CGI-4,3.864155984510718e-06,7.559774938365155,1956376.9569651068,False
1400,4.0,1.2,10.0,0.0,CGI-1,0.0002120085833806429,0.0943987015903116,445.1644681096037,False
1400,4.0,1.2,10.0,0.0,CGI-2,1.0413029674147349e-05,1.7702811220233736,170004.57536662815,False
1400,4.0,1.2,10.0,0.0,CGI-3,5.9191251192261374e-06,1.9223059884787252,324759.92167578667,False
1400,4.0,1.2,10.0,0.0,CGI-4,9.660417958298196e-07,1.8899437345912888,1956376.9569651068,False
1400,4.0,1.2,20.0,0.0,CGI-1,5.301057486782217e-05,0.0235996753975779,445.1644681096037,False
1400,4.0,1.2,20.0,0.0,CGI-2,2.603277749543179e-06,0.4425702805058434,170004.57536662815,False
1400,4.0,1.2,20.0,0.0,CGI-3,1.4797878490936061e-06,0.4805764971196813,324759.92167578667,False
1400,4.0,1.2,20.0,0.0,CGI-4,2.4151062393947254e-07,0.4724859336478222,1956376.9569651068,False
1500,3.0,1.0,5.0,0.0,CGI-1,0.0003310726355508851,0.33208553199793306,1002.727353208273,False
1500,3.0,1.0,5.0,0.0,CGI-2,1.5727215913061858e-05,3.963902314190401,252036.9781247027,False
1500,3.0,1.0,5.0,0.0,CGI-3,8.652507187518512e-06,4.089294768039712,472609.76463402563,False
1500,3.0,1.0,5.0,0.0,CGI-4,1.2868368714984183e-06,3.6387184618799564,2827641.8402636256,False
1500,3.0,1.0,10.0,0.0,CGI-1,8.278871569644588e-05,0.08302138299948326,1002.727353208273,False
1500,3.0,1.0,10.0,0.0,CGI-2,3.9318503560600795e-06,0.9909755785476002,252036.9781247027,False
1500,3.0,1.0,10.0,0.0,CGI-3,2.1631408343233406e-06,1.022323692009928,472609.76463402563,False
1500,3.0,1.0,10.0,0.0,CGI-4,3.217095283653669e-07,0.9096796154699891,2827641.8402636256,False
1500,3.0,1.0,20.0,0.0,CGI-1,2.069846412355773e-05,0.020755345749870816,1002.727353208273,False
1500,3.0,1.0,20.0,0.0,CGI-2,9.82965487669922e-07,0.24774389463690005,252036.9781247027,False
1500,3.0,1.0,20.0,0.0,CGI-3,5.40786085928184e-07,0.255580923002482,472609.76463402563,False
1500,3.0,1.0,20.0,0.0,CGI-4,8.042740149703776e-08,0.22741990386749728,2827641.8402636256,False
1500,3.0,1.2,5.0,0.0,CGI-1,0.00047667515698904294,0.4782031660770235,1002.727353208273,False
1500,3.0,1.2,5.0,0.0,CGI-2,2.264703419789856e-05,5.708019332434177,252036.9781247027,False
1500,3.0,1.2,5.0,0.0,CGI-3,1.2459562915185279e-05,5.888584465977184,472609.76463402563,False
1500,3.0,1.2,5.0,0.0,CGI-4,1.8530440457489456e-06,5.239754585107137,2827641.8402636256,False
1500,3.0,1.2,10.0,0.0,CGI-1,0.00011921140808475851,0.11955079151925588,1002.727353208273,False
1500,3.0,1.2,10.0,0.0,CGI-2,5.6618547176377005e-06,1.4270048331085443,252036.9781247027,False
1500,3.0,1.2,10.0,0.0,CGI-3,3.1149198367010803e-06,1.472146116494296,472609.76463402563,False
1500,3.0,1.2,10.0,0.0,CGI-4,4.632616552704253e-07,1.3099386462767844,2827641.8402636256,False
1500,3.0,1.2,20.0,0.0,CGI-1,2.980551688941744e-05,0.02988769787981397,1002.727353208273,False
1500,3.0,1.2,20.0,0.0,CGI-2,1.4154696900472318e-06,0.3567512082771361,252036.9781247027,False
1500,3.0,1.2,20.0,0.0,CGI-3,7.787317784405682e-07,0.368036529123574,472609.76463402563,False
1500,3.0,1.2,20.0,0.0,CGI-4,1.1581545405725053e-07,0.3274846615691961,2827641.8402636256,False
1500,3.5,1.0,5.0,0.0,CGI-1,0.0001563265459067977,0.9019453839083279,5768.722008605775,False
1500,3.5,1.0,5.0,0.0,CGI-2,6.186883142293849e-06,5.6300229961899575,909987.7974757119,False
1500,3.5,1.0,5.0,0.0,CGI-3,3.4278065897771744e-06,5.51764527890654,1609666.771147776,False
1500,3.5,1.0,5.0,0.0,CGI-4,5.218148597472515e-07,4.2349146790126575,8115737.584059006,False
1500,3.5,1.0,10.0,0.0,CGI-1,3.9086219136922094e-05,0.22548634597708198,5768.722008605775,False
1500,3.5,1.0,10.0,0.0,CGI-2,1.5467279626423307e-06,1.4075057490474894,909987.7974757119,False
1500,3.5,1.0,10.0,0.0,CGI-3,8.569538505483357e-07,1.379411319726635,1609666.771147776,False
1500,3.5,1.0,10.0,0.0,CGI-4,1.304537659913481e-07,1.0587286697531644,8115737.584059006,False
1500,3.5,1.0,20.0,0.0,CGI-1,9.771841242476655e-06,0.056371586494270494,5768.722008605775,False
1500,3.5,1.0,20.0,0.0,CGI-2,3.8668243922998874e-07,0.35187643726187234,909987.7974757119,False
1500,3.5,1.0,20.0,0.0,CGI-3,2.1423860033152903e-07,0.3448528299316588,1609666.771147776,False
1500,3.5,1.0,20.0,0.0,CGI-4,3.261344468874704e-08,0.2646821674382911,8115737.584059006,False
1500,3.5,1.2,5.0,0.0,CGI-1,0.00022509474326095372,1.298801352827992,5768.722008605775,False
1500,3.5,1.2,5.0,0.0,CGI-2,8.90908747233058e-06,8.107233114513537,909987.7974757119,False
1500,3.5,1.2,5.0,0.0,CGI-3,4.93603404458032e-06,7.945409201625417,1609666.771147776,False
1500,3.5,1.2,5.0,0.0,CGI-4,7.514132255126641e-07,6.098277137778227,8115737.584059006,False
1500,3.5,1.2,10.0,0.0,CGI-1,5.6283187602485904e-05,0.324700338206998,5768.722008605775,False
1500,3.5,1.2,10.0,0.0,CGI-2,2.227286750402009e-06,2.0268082786283843,909987.7974757119,False
1500,3.5,1.2,10.0,0.0,CGI-3,1.2340130794930086e-06,1.9863523004063544,1609666.771147776,False
1500,3.5,1.2,10.0,0.0,CGI-4,1.8785341224481983e-07,1.5245692844445569,8115737.584059006,False
1500,3.5,1.2,20.0,0.0,CGI-1,1.4071390887671345e-05,0.0811750845517495,5768.722008605775,False
1500,3.5,1.2,20.0,0.0,CGI-2,5.568226177532314e-07,0.5067020696570961,909987.7974757119,False
1500,3.5,1.2,20.0,0.0,CGI-3,3.08503555396319e-07,0.4965880751015886,1609666.771147776,False
1500,3.5,1.2,20.0,0.0,CGI-4,4.6963359677875485e-08,0.3811423211111392,8115737.584059006,False
1500,4.0,1.0,5.0,0.0,CGI-1,0.0002167076707010703,0.6915988194571718,3190.6989838017425,False
1500,4.0,1.0,5.0,0.0,CGI-2,1.3366911780990064e-05,6.199417074051517,463782.0843410415,False
1500,4.0,1.0,5.0,0.0,CGI-3,7.270261502901521e-06,6.292519371743326,865508.568154074,False
1500,4.0,1.0,5.0,0.0,CGI-4,1.048841658014138e-06,5.134767783443353,4895650.700609169,False
1500,4.0,1.0,10.0,0.0,CGI-1,5.418572452187736e-05,0.17289970486429296,3190.6989838017425,False
1500,4.0,1.0,10.0,0.0,CGI-2,3.3417614470203575e-06,1.5498542685128793,463782.0843410415,False
1500,4.0,1.0,10.0,0.0,CGI-3,1.8175752864111052e-06,1.5731298429358316,865508.568154074,False
1500,4.0,1.0,10.0,0.0,CGI-4,2.6221062076660123e-07,1.2836919458608382,4895650.700609169,False
1500,4.0,1.0,20.0,0.0,CGI-1,1.3546981670232005e-05,0.04322492621607324,3190.6989838017425,False
1500,4.0,1.0,20.0,0.0,CGI-2,8.354424556421315e-07,0.38746356712821983,463782.0843410415,False
1500,4.0,1.0,20.0,0.0,CGI-3,4.54394441024856e-07,0.3932824607339579,865508.568154074,False
1500,4.0,1.0,20.0,0.0,CGI-4,6.555266808310464e-08,0.32092298646520956,4895650.700609169,False
1500,4.0,1.2,5.0,0.0,CGI-1,0.00031202929338734254,0.9959023000183272,3190.6989838017425,False
1500,4.0,1.2,5.0,0.0,CGI-2,1.9248239757235667e-05,8.927160586634184,463782.0843410415,False
1500,4.0,1.2,5.0,0.0,CGI-3,1.0469143074278729e-05,9.061227895310388,865508.568154074,False
1500,4.0,1.2,5.0,0.0,CGI-4,1.5103312905370737e-06,7.394065608158428,4895650.700609169,False
1500,4.0,1.2,10.0,0.0,CGI-1,7.802558304749396e-05,0.2489755750045818,3190.6989838017425,False
1500,4.0,1.2,10.0,0.0,CGI-2,4.8121294080743585e-06,2.231790146658546,463782.0843410415,False
1500,4.0,1.2,10.0,0.0,CGI-3,2.617306319285427e-06,2.265306973827597,865508.568154074,False
1500,4.0,1.2,10.0,0.0,CGI-4,3.775832503411168e-07,1.848516402039607,4895650.700609169,False
1500,4.0,1.2,20.0,0.0,CGI-1,1.950753732710382e-05,0.06224389375114545,3190.6989838017425,False
1500,4.0,1.2,20.0,0.0,CGI-2,1.2030366938947802e-06,0.5579475366646365,463782.0843410415,False
1500,4.0,1.2,20.0,0.0,CGI-3,6.543278642536972e-07,0.5663267434568993,865508.568154074,False
1500,4.0,1.2,20.0,0.0,CGI-4,9.439583931699507e-08,0.46212910050990175,4895650.700609169,False
1600,3.0,1.0,5.0,0.0,CGI-1,0.00016405044010002224,0.5577671102282395,3399.4154965284833,False
1600,3.0,1.0,5.0,0.0,CGI-2,8.715069404507175e-06,4.463184639048228,512118.2098419236,False
1600,3.0,1.0,5.0,0.0,CGI-3,4.7574374670185145e-06,4.426146692046589,930359.1829877135,False
1600,3.0,1.0,5.0,0.0,CGI-4,6.469390595503771e-07,3.579477372278437,5532940.087220036,False
1600,3.0,1.0,10.0,0.0,CGI-1,4.101765674848666e-05,0.1394417775570599,3399.4154965284833,False
1600,3.0,1.0,10.0,0.0,CGI-2,2.178781592301389e-06,1.115796159762057,512118.2098419236,False
1600,3.0,1.0,10.0,0.0,CGI-3,1.1893636104968802e-06,1.1065366730116473,930359.1829877135,False
1600,3.0,1.0,10.0,0.0,CGI-4,1.6173484336203488e-07,0.8948693430696093,5532940.087220036,False
1600,3.0,1.0,20.0,0.0,CGI-1,1.0254729655857468e-05,0.03486044438926497,3399.4154965284833,False
1600,3.0,1.0,20.0,0.0,CGI-2,5.446962881560319e-07,0.27894903994051423,512118.2098419236,False
1600,3.0,1.0,20.0,0.0,CGI-3,2.973411678592938e-07,0.2766341682529118,930359.1829877135,False
1600,3.0,1.0,20.0,0.0,CGI-4,4.0433715745164234e-08,0.22371733576740233,5532940.087220036,False
1600,3.0,1.2,5.0,0.0,CGI-1,0.00023621558318506476,0.8031846387286647,3399.4154965284833,False
1600,3.0,1.2,5.0,0.0,CGI-2,1.2549651819212222e-05,6.426985880229447,512118.2098419236,False
1600,3.0,1.2,5.0,0.0,CGI-3,6.850695612134029e-06,6.373651236547088,930359.1829877135,False
1600,3.0,1.2,5.0,0.0,CGI-4,9.315919805719176e-07,5.1544474160809495,5532940.087220036,False
1600,3.0,1.2,10.0,0.0,CGI-1,5.906435973790189e-05,0.2007961596821662,3399.4154965284833,False
1600,3.0,1.2,10.0,0.0,CGI-2,3.1374424851611494e-06,1.6067464700573617,512118.2098419236,False
1600,3.0,1.2,10.0,0.0,CGI-3,1.712682702834415e-06,1.593412809136772,930359.1829877135,False
1600,3.0,1.2,10.0,0.0,CGI-4,2.328981578675215e-07,1.2886118540202374,5532940.087220036,False
1600,3.0,1.2,20.0,0.0,CGI-1,1.4766744075688656e-05,0.05019903992054155,3399.4154965284833,False
1600,3.0,1.2,20.0,0.0,CGI-2,7.843624669593829e-07,0.4016866175143404,512118.2098419236,False
1600,3.0,1.2,20.0,0.0,CGI-3,4.281712256996929e-07,0.398353202284193,930359.1829877135,False
1600,3.0,1.2,20.0,0.0,CGI-4,5.822454963717314e-08,0.32215296350505934,5532940.087220036,False
1600,3.5,1.0,5.0,0.0,CGI-1,9.183952933112444e-05,1.3151226019840925,14318.4730074358,False
1600,3.5,1.0,5.0,0.0,CGI-2,2.6875927979103537e-06,5.695781261934495,2119281.595940555,False
1600,3.5,1.0,5.0,0.0,CGI-3,1.4812662622746143e-06,5.402500606219142,3647212.348832722,False
1600,3.5,1.0,5.0,0.0,CGI-4,2.5768140758585863e-07,3.9483140448317404,15322459.871727666,False
1600,3.5,1.0,10.0,0.0,CGI-1,2.2961463910309814e-05,0.3287806504960231,14318.4730074358,False
1600,3.5,1.0,10.0,0.0,CGI-2,6.718995538218898e-07,1.4239453154836237,2119281.595940555,False
1600,3.5,1.0,10.0,0.0,CGI-3,3.703169769721868e-07,1.3506251515547856,3647212.348832722,False
1600,3.5,1.0,10.0,0.0,CGI-4,6.442036434641227e-08,0.9870785112079351,15322459.871727666,False
1600,3.5,1.0,20.0,0.0,CGI-1,5.740464834684551e-06,0.08219516262400578,14318.4730074358,False
1600,3.5,1.0,20.0,0.0,CGI-2,1.6797497310220459e-07,0.3559863288709059,2119281.595940555,False
1600,3.5,1.0,20.0,0.0,CGI-3,9.257926995580324e-08,0.3376562878886964,3647212.348832722,False
1600,3.5,1.0,20.0,0.0,CGI-4,1.6105091864724984e-08,0.24676962780198378,15322459.871727666,False
1600,3.5,1.2,5.0,0.0,CGI-1,0.00013224357835410223,1.8937765468570933,14318.4730074358,False
1600,3.5,1.2,5.0,0.0,CGI-2,3.870129052405284e-06,8.201925017185673,2119281.595940555,False
1600,3.5,1.2,5.0,0.0,CGI-3,2.133022027463075e-06,7.779600872955564,3647212.348832722,False
1600,3.5,1.2,5.0,0.0,CGI-4,3.710611848527863e-07,5.685572224557705,15322459.871727666,False
1600,3.5,1.2,10.0,0.0,CGI-1,3.3064173982037585e-05,0.4734441367142733,14318.4730074358,False
1600,3.5,1.2,10.0,0.0,CGI-2,9.67535071465513e-07,2.050481254296418,2119281.595940555,False
1600,3.5,1.2,10.0,0.0,CGI-3,5.332563599514404e-07,1.944900218238891,3647212.348832722,False
1600,3.5,1.2,10.0,0.0,CGI-4,9.27653220294043e-08,1.4213930561394263,15322459.871727666,False
1600,3.5,1.2,20.0,0.0,CGI-1,8.266248483017913e-06,0.11836103417856833,14318.4730074358,False
1600,3.5,1.2,20.0,0.0,CGI-2,2.418839433897771e-07,0.5126203135741045,2119281.595940555,False
1600,3.5,1.2,20.0,0.0,CGI-3,1.3331414330582118e-07,0.48622505455972276,3647212.348832722,False
1600,3.5,1.2,20.0,0.0,CGI-4,2.3191332120864616e-08,0.3553482640348566,15322459.871727666,False
1600,4.0,1.0,5.0,0.0,CGI-1,0.00013122624180325618,1.116041240925534,8503.594796998146,False
1600,4.0,1.0,5.0,0.0,CGI-2,6.828057108557587e-06,6.644227580825147,973070.6858518575,False
1600,4.0,1.0,5.0,0.0,CGI-3,3.715231995824735e-06,6.495845906928066,1748429.6487147156,False
1600,4.0,1.0,5.0,0.0,CGI-4,5.258320208668652e-07,4.952707970075794,9418797.580296699,False
1600,4.0,1.0,10.0,0.0,CGI-1,3.280978957984974e-05,0.2790103102313835,8503.594796998146,False
1600,4.0,1.0,10.0,0.0,CGI-2,1.7070230188773908e-06,1.6610568952062867,973070.6858518575,False
1600,4.0,1.0,10.0,0.0,CGI-3,9.288105870162918e-07,1.6239614767320165,1748429.6487147156,False
1600,4.0,1.0,10.0,0.0,CGI-4,1.3145805706035817e-07,1.2381769925189485,9418797.580296699,False
1600,4.0,1.0,20.0,0.0,CGI-1,8.202649240359115e-06,0.06975257755784588,8503.594796998146,False
1600,4.0,1.0,20.0,0.0,CGI-2,4.267563010814697e-07,0.4152642238015717,973070.6858518575,False
1600,4.0,1.0,20.0,0.0,CGI-3,2.3220280850839314e-07,0.40599036918300413,1748429.6487147156,False
1600,4.0,1.0,20.0,0.0,CGI-4,3.286451750531875e-08,0.30954424812973713,9418797.580296699,False
1600,4.0,1.2,5.0,0.0,CGI-1,0.00018895487802774274,1.6070993869327688,8503.594796998146,False
1600,4.0,1.2,5.0,0.0,CGI-2,9.83237269648192e-06,9.56768771638821,973070.6858518575,False
1600,4.0,1.2,5.0,0.0,CGI-3,5.349925328453566e-06,9.354018105976415,1748429.6487147156,False
1600,4.0,1.2,5.0,0.0,CGI-4,7.571979348583609e-07,7.131899476909142,9418797.580296699,False
1600,4.0,1.2,10.0,0.0,CGI-1,4.7245414945649495e-05,0.4017748467331922,8503.594796998146,False
1600,4.0,1.2,10.0,0.0,CGI-2,2.45811130092031e-06,2.3919219290970526,973070.6858518575,False
1600,4.0,1.2,10.0,0.0,CGI-3,1.3374866987038657e-06,2.338504526494104,1748429.6487147156,False
1600,4.0,1.2,10.0,0.0,CGI-4,1.8929959121753488e-07,1.7829748692272855,9418797.580296699,False
1600,4.0,1.2,20.0,0.0,CGI-1,1.1811772275474175e-05,0.10044371168329805,8503.594796998146,False
1600,4.0,1.2,20.0,0.0,CGI-2,6.145289581655101e-07,0.5979804822742631,973070.6858518575,False
1600,4.0,1.2,20.0,0.0,CGI-3,3.343720100895534e-07,0.584626131623526,1748429.6487147156,False
1600,4.0,1.2,20.0,0.0,CGI-4,4.732490452332253e-08,0.4457437173068214,9418797.580296699,False
1700,3.0,1.0,5.0,0.0,CGI-1,8.759314485876233e-05,0.7731476527377874,8825.804023248395,False
1700,3.0,1.0,5.0,0.0,CGI-2,3.7013333023256557e-06,4.371977242677259,1181185.4549238414,False
1700,3.0,1.0,5.0,0.0,CGI-3,2.0169578138067863e-06,4.193614906496018,2079174.1004422365,False
1700,3.0,1.0,5.0,0.0,CGI-4,3.01030664604822e-07,3.179930908918041,10563475.172324318,False
1700,3.0,1.0,10.0,0.0,CGI-1,2.189972491402315e-05,0.19328691318444685,8825.804023248395,False
1700,3.0,1.0,10.0,0.0,CGI-2,9.25335894313835e-07,1.0929943106693147,1181185.4549238414,False
1700,3.0,1.0,10.0,0.0,CGI-3,5.042402162251296e-07,1.0484037266240045,2079174.1004422365,False
1700,3.0,1.0,10.0,0.0,CGI-4,7.525768314235827e-08,0.7949827272295102,10563475.172324318,False
1700,3.0,1.0,20.0,0.0,CGI-1,5.475021154598676e-06,0.04832172829611171,8825.804023248395,False
1700,3.0,1.0,20.0,0.0,CGI-2,2.3133413412479215e-07,0.2732485776673287,1181185.4549238414,False
1700,3.0,1.0,20.0,0.0,CGI-3,1.260601017297121e-07,0.2621009316560011,2079174.1004422365,False
1700,3.0,1.0,20.0,0.0,CGI-4,1.881442184753692e-08,0.19874568180737756,10563475.172324318,False
1700,3.0,1.2,5.0,0.0,CGI-1,0.00012612926745057205,1.1133326199424138,8825.804023248395,False
1700,3.0,1.2,5.0,0.0,CGI-2,5.329911275126578e-06,6.295647229455252,1181185.4549238414,False
1700,3.0,1.2,5.0,0.0,CGI-3,2.904416674323973e-06,6.038805465354265,2079174.1004422365,False
1700,3.0,1.2,5.0,0.0,CGI-4,4.3348409961446076e-07,4.579100508841979,10563475.172324318,False
1700,3.0,1.2,10.0,0.0,CGI-1,3.1535300005859445e-05,0.27833315498560346,8825.804023248395,False
1700,3.0,1.2,10.0,0.0,CGI-2,1.3324831452943498e-06,1.573911807363813,1181185.4549238414,False
1700,3.0,1.2,10.0,0.0,CGI-3,7.261057502662296e-07,1.5097013663385663,2079174.1004422365,False
1700,3.0,1.2,10.0,0.0,CGI-4,1.0837106013646375e-07,1.1447751272104947,10563475.172324318,False
1700,3.0,1.2,20.0,0.0,CGI-1,7.884011469965077e-06,0.06958328874640086,8825.804023248395,False
1700,3.0,1.2,20.0,0.0,CGI-2,3.3312111923229496e-07,0.39347795184095324,1181185.4549238414,False
1700,3.0,1.2,20.0,0.0,CGI-3,1.8152653642215383e-07,0.3774253415846416,2079174.1004422365,False
1700,3.0,1.2,20.0,0.0,CGI-4,2.7092767236169867e-08,0.28619378180262367,10563475.172324318,False
1700,3.5,1.0,5.0,0.0,CGI-1,4.173955607871064e-05,1.5429770653498514,36965.23890341685,False
1700,3.5,1.0,5.0,0.0,CGI-2,1.0680136969458096e-06,5.15014060387249,4822162.0361045785,False
1700,3.5,1.0,5.0,0.0,CGI-3,5.782969780568548e-07,4.779880094512084,8265437.15719009,False
1700,3.5,1.0,5.0,0.0,CGI-4,1.2735065098308247e-07,3.3791131811079067,26533926.012082435,False
1700,3.5,1.0,10.0,0.0,CGI-1,1.0435215690630545e-05,0.38574426633746284,36965.23890341685,False
1700,3.5,1.0,10.0,0.0,CGI-2,2.6700363810910945e-07,1.2875351509681225,4822162.0361045785,False
1700,3.5,1.0,10.0,0.0,CGI-3,1.4457430721937741e-07,1.194970023628021,8265437.15719009,False
1700,3.5,1.0,10.0,0.0,CGI-4,3.1837665786681214e-08,0.8447782952769767,26533926.012082435,False
1700,3.5,1.0,20.0,0.0,CGI-1,2.608824340391155e-06,0.09643606658436571,36965.23890341685,False
1700,3.5,1.0,20.0,0.0,CGI-2,6.67509228943318e-08,0.32188378774203064,4822162.0361045785,False
1700,3.5,1.0,20.0,0.0,CGI-3,3.614358072391922e-08,0.29874250590700524,8265437.15719009,False
1700,3.5,1.0,20.0,0.0,CGI-4,7.959416636727239e-09,0.21119457381924417,26533926.012082435,False
1700,3.5,1.2,5.0,0.0,CGI-1,6.0103856921688444e-05,2.2218869741037857,36965.23890341685,False
1700,3.5,1.2,5.0,0.0,CGI-2,1.5379390008844019e-06,7.416202469576385,4822162.0361045785,False
1700,3.5,1.2,5.0,0.0,CGI-3,8.327474365087274e-07,6.883027336097401,8265437.15719009,False
1700,3.5,1.2,5.0,0.0,CGI-4,1.8338492713979521e-07,4.865922980795386,26533926.012082435,False
1700,3.5,1.2,10.0,0.0,CGI-1,1.5026641599759657e-05,0.5554717435259464,36965.23890341685,False
1700,3.5,1.2,10.0,0.0,CGI-2,3.8448519370718146e-07,1.8540506173940963,4822162.0361045785,False
1700,3.5,1.2,10.0,0.0,CGI-3,2.08186989152568e-07,1.7207568340243502,8265437.15719009,False
1700,3.5,1.2,10.0,0.0,CGI-4,4.5846238090580574e-08,1.2164807451988464,26533926.012082435,False
1700,3.5,1.2,20.0,0.0,CGI-1,3.756702737909144e-06,0.1388679358814866,36965.23890341685,False
1700,3.5,1.2,20.0,0.0,CGI-2,9.612132614471539e-08,0.46351265434852407,4822162.0361045785,False
1700,3.5,1.2,20.0,0.0,CGI-3,5.2046755414734986e-08,0.43018920850608755,8265437.15719009,False
1700,3.5,1.2,20.0,0.0,CGI-4,1.1461559916747199e-08,0.3041201862997116,26533926.012082435,False
1700,4.0,1.0,5.0,0.0,CGI-1,7.645261808103846e-05,1.5738406293645628,20584.256558223933,False
1700,4.0,1.0,5.0,0.0,CGI-2,2.810123530586627e-06,6.507128398579103,2315595.752968939,False
1700,4.0,1.0,5.0,0.0,CGI-3,1.5203550021224794e-06,6.157069365289092,4049751.53550478,False
1700,4.0,1.0,5.0,0.0,CGI-4,2.5180468655738047e-07,4.47058998624435,17754192.432435505,False
1700,4.0,1.0,10.0,0.0,CGI-1,1.9114250521130862e-05,0.3934601573411407,20584.256558223933,False
1700,4.0,1.0,10.0,0.0,CGI-2,7.025323632987005e-07,1.6267820996447757,2315595.752968939,False
1700,4.0,1.0,10.0,0.0,CGI-3,3.800891839334889e-07,1.539267341322273,4049751.53550478,False
1700,4.0,1.0,10.0,0.0,CGI-4,6.295118352789741e-08,1.1176474965610874,17754192.432435505,False
1700,4.0,1.0,20.0,0.0,CGI-1,4.778631135247216e-06,0.09836503933528518,20584.256558223933,False
1700,4.0,1.0,20.0,0.0,CGI-2,1.756331833656717e-07,0.40669552491119393,2315595.752968939,False
1700,4.0,1.0,20.0,0.0,CGI-3,9.502232307109016e-08,0.38481683533056826,4049751.53550478,False
1700,4.0,1.0,20.0,0.0,CGI-4,1.5737796625009045e-08,0.27941187414027185,17754192.432435505,False
1700,4.0,1.2,5.0,0.0,CGI-1,0.00011008806676748888,2.2663305062849703,20584.256558223933,False
1700,4.0,1.2,5.0,0.0,CGI-2,4.046572880642088e-06,9.370264893953907,2315595.752968939,False
1700,4.0,1.2,5.0,0.0,CGI-3,2.189309738504045e-06,8.866179886016292,4049751.53550478,False
1700,4.0,1.2,5.0,0.0,CGI-4,3.6259870846884407e-07,6.437649580191863,17754192.432435505,False
1700,4.0,1.2,10.0,0.0,CGI-1,2.7524289263717864e-05,0.5665826265712426,20584.256558223933,False
1700,4.0,1.2,10.0,0.0,CGI-2,1.0116462904358545e-06,2.3425662234884768,2315595.752968939,False
1700,4.0,1.2,10.0,0.0,CGI-3,5.47328333329449e-07,2.216544971504073,4049751.53550478,False
1700,4.0,1.2,10.0,0.0,CGI-4,9.064970176930961e-08,1.6094123950479657,17754192.432435505,False
1700,4.0,1.2,20.0,0.0,CGI-1,6.881214366330494e-06,0.14164565664281065,20584.256558223933,False
1700,4.0,1.2,20.0,0.0,CGI-2,2.529117645018999e-07,0.5856415558721192,2315595.752968939,False
1700,4.0,1.2,20.0,0.0,CGI-3,1.368321395014424e-07,0.5541362428760183,4049751.53550478,False
1700,4.0,1.2,20.0,0.0,CGI-4,2.2662426983084085e-08,0.40235309876199143,17754192.432435505,False
1800,3.0,1.0,5.0,0.0,CGI-1,4.603845690402608e-05,1.008762450139118,21910.29144124764,False
1800,3.0,1.0,5.0,0.0,CGI-2,1.427022120402084e-06,3.987563683235656,2794321.0801599356,False
1800,3.0,1.0,5.0,0.0,CGI-3,7.694544755817437e-07,3.703645603039996,4813335.7733128825,False
1800,3.0,1.0,5.0,0.0,CGI-4,1.4291333979628166e-07,2.660444869631254,18615788.373643566,False
1800,3.0,1.0,10.0,0.0,CGI-1,1.1510011653388122e-05,0.2521906125347795,21910.29144124764,False
1800,3.0,1.0,10.0,0.0,CGI-2,3.567559119244545e-07,0.996890920808914,2794321.0801599356,False
1800,3.0,1.0,10.0,0.0,CGI-3,1.9236372990678563e-07,0.925911400759999,4813335.7733128825,False
1800,3.0,1.0,10.0,0.0,CGI-4,3.572833877861258e-08,0.6651112174078135,18615788.373643566,False
1800,3.0,1.0,20.0,0.0,CGI-1,2.8775277536305133e-06,0.06304765313369487,21910.29144124764,False
1800,3.0,1.0,20.0,0.0,CGI-2,8.918900184514137e-08,0.2492227302022285,2794321.0801599356,False
1800,3.0,1.0,20.0,0.0,CGI-3,4.8090939414910765e-08,0.23147785018999975,4813335.7733128825,False
1800,3.0,1.0,20.0,0.0,CGI-4,8.932084933999562e-09,0.16627780435195338,18615788.373643566,False
1800,3.0,1.2,5.0,0.0,CGI-1,6.62940350287647e-05,1.45261792820033,21910.29144124764,False
1800,3.0,1.2,5.0,0.0,CGI-2,2.0549105631217566e-06,5.742091703859344,2794321.0801599356,False
1800,3.0,1.2,5.0,0.0,CGI-3,1.1080140697085015e-06,5.333249668377594,4813335.7733128825,False
1800,3.0,1.2,5.0,0.0,CGI-4,2.0579519636585888e-07,3.831040612269006,18615788.373643566,False
1800,3.0,1.2,10.0,0.0,CGI-1,1.657433284174267e-05,0.3631544820500825,21910.29144124764,False
1800,3.0,1.2,10.0,0.0,CGI-2,5.13728432529926e-07,1.435522925964836,2794321.0801599356,False
1800,3.0,1.2,10.0,0.0,CGI-3,2.7700374762016263e-07,1.3333124170943984,4813335.7733128825,False
1800,3.0,1.2,10.0,0.0,CGI-4,5.1448807032402743e-08,0.9577601530672515,18615788.373643566,False
1800,3.0,1.2,20.0,0.0,CGI-1,4.1436347189214215e-06,0.09078862051252062,21910.29144124764,False
1800,3.0,1.2,20.0,0.0,CGI-2,1.2843215761691978e-07,0.358880731491209,2794321.0801599356,False
1800,3.0,1.2,20.0,0.0,CGI-3,6.925095129212043e-08,0.3333281042735996,4813335.7733128825,False
1800,3.0,1.2,20.0,0.0,CGI-4,1.2862202254409406e-08,0.23944003826681287,18615788.373643566,False
1800,3.5,1.0,5.0,0.0,CGI-1,1.5445915524457778e-05,1.654212533547529,107095.43115791096,False
1800,3.5,1.0,5.0,0.0,CGI-2,4.4587376317641155e-07,4.354237333201503,9765623.706453769,False
1800,3.5,1.0,5.0,0.0,CGI-3,2.3854804519202393e-07,3.9793056786623335,16681355.43178953,False
1800,3.5,1.0,5.0,0.0,CGI-4,6.606055094354058e-08,2.7364352060797303,41423133.56799036,False
1800,3.5,1.0,10.0,0.0,CGI-1,3.861523614690106e-06,0.41355313338688227,107095.43115791096,False
1800,3.5,1.0,10.0,0.0,CGI-2,1.1146847806975523e-07,1.0885593333003758,9765623.706453769,False
1800,3.5,1.0,10.0,0.0,CGI-3,5.963702196772724e-08,0.9948264196655834,16681355.43178953,False
1800,3.5,1.0,10.0,0.0,CGI-4,1.6515138554134506e-08,0.6841088015199326,41423133.56799036,False
1800,3.5,1.0,20.0,0.0,CGI-1,9.653836995614913e-07,0.10338828334672057,107095.43115791096,False
1800,3.5,1.0,20.0,0.0,CGI-2,2.786712184716805e-08,0.27213983332509395,9765623.706453769,False
1800,3.5,1.0,20.0,0.0,CGI-3,1.4909256158789538e-08,0.24870660491639585,16681355.43178953,False
1800,3.5,1.0,20.0,0.0,CGI-4,4.128784689674215e-09,0.17102720037998315,41423133.56799036,False
1800,3.5,1.2,5.0,0.0,CGI-1,2.2241967194298795e-05,2.3820660483084417,107095.43115791096,False
1800,3.5,1.2,5.0,0.0,CGI-2,6.420580930122149e-07,6.270101759810164,9765623.706453769,False
1800,3.5,1.2,5.0,0.0,CGI-3,3.435091490214026e-07,5.73020017727376,16681355.43178953,False
1800,3.5,1.2,5.0,0.0,CGI-4,9.51271905936704e-08,3.940466696754812,41423133.56799036,False
1800,3.5,1.2,10.0,0.0,CGI-1,5.560584557329177e-06,0.5955165120771104,107095.43115791096,False
1800,3.5,1.2,10.0,0.0,CGI-2,1.6051460054782746e-07,1.567525439952541,9765623.706453769,False
1800,3.5,1.2,10.0,0.0,CGI-3,8.587730938008174e-08,1.43255004431844,16681355.43178953,False
1800,3.5,1.2,10.0,0.0,CGI-4,2.378179934513942e-08,0.985116674188703,41423133.56799036,False
1800,3.5,1.2,20.0,0.0,CGI-1,1.3901519368753389e-06,0.1488791280192776,107095.43115791096,False
1800,3.5,1.2,20.0,0.0,CGI-2,4.012865496788314e-08,0.3918813599881352,9765623.706453769,False
1800,3.5,1.2,20.0,0.0,CGI-3,2.1469328727816578e-08,0.35813751107961,16681355.43178953,False
1800,3.5,1.2,20.0,0.0,CGI-4,5.9454499423299785e-09,0.24627916854717574,41423133.56799036,False
1800,4.0,1.0,5.0,0.0,CGI-1,3.87276331203149e-05,1.7820606953100198,46013.44148198035,False
1800,4.0,1.0,5.0,0.0,CGI-2,1.1006762270721458e-06,5.724582067979957,5200962.486758004,False
1800,4.0,1.0,5.0,0.0,CGI-3,5.959200991974174e-07,5.315550270967964,8919899.010762809,False
1800,4.0,1.0,5.0,0.0,CGI-4,1.231318728694874e-07,3.7502634071167886,30457288.254803784,False
1800,4.0,1.0,10.0,0.0,CGI-1,9.682189506290975e-06,0.44551517382750494,46013.44148198035,False
1800,4.0,1.0,10.0,0.0,CGI-2,2.751692839222533e-07,1.4311455169949892,5200962.486758004,False
1800,4.0,1.0,10.0,0.0,CGI-3,1.489800913845275e-07,1.328887567741991,8919899.010762809,False
1800,4.0,1.0,10.0,0.0,CGI-4,3.078297106014551e-08,0.9375658517791972,30457288.254803784,False
1800,4.0,1.0,20.0,0.0,CGI-1,2.4205649538491903e-06,0.11137879345687624,46013.44148198035,False
1800,4.0,1.0,20.0,0.0,CGI-2,6.879233517771655e-08,0.3577863792487473,5200962.486758004,False
1800,4.0,1.0,20.0,0.0,CGI-3,3.7245027007707516e-08,0.3322218919354977,8919899.010762809,False
1800,4.0,1.0,20.0,0.0,CGI-4,7.695742942709753e-09,0.2343914629447993,30457288.254803784,False
1800,4.0,1.2,5.0,0.0,CGI-1,5.576684141743258e-05,2.566167401246428,46013.44148198035,False
1800,4.0,1.2,5.0,0.0,CGI-2,1.5849729993853655e-06,8.243398177891137,5200962.486758004,False
1800,4.0,1.2,5.0,0.0,CGI-3,8.581247178398237e-07,7.654392390193868,8919899.010762809,False
1800,4.0,1.2,5.0,0.0,CGI-4,1.773098873257625e-07,5.400379306248175,30457288.254803784,False
1800,4.0,1.2,10.0,0.0,CGI-1,1.3942293492610795e-05,0.641541850311607,46013.44148198035,False
1800,4.0,1.2,10.0,0.0,CGI-2,3.962437208730404e-07,2.0608495444727843,5200962.486758004,False
1800,4.0,1.2,10.0,0.0,CGI-3,2.1453131753092567e-07,1.913598097548467,8919899.010762809,False
1800,4.0,1.2,10.0,0.0,CGI-4,4.432747772621569e-08,1.3500948265620438,30457288.254803784,False
1800,4.0,1.2,20.0,0.0,CGI-1,3.4856098211990444e-06,0.16038546257790176,46013.44148198035,False
1800,4.0,1.2,20.0,0.0,CGI-2,9.906095965747255e-08,0.5152123861181961,5200962.486758004,False
1800,4.0,1.2,20.0,0.0,CGI-3,5.363283801217397e-08,0.47839952438711675,8919899.010762809,False
1800,4.0,1.2,20.0,0.0,CGI-4,1.1081869799977426e-08,0.33752370664051096,30457288.254803784,False
